	股票	代码	最低	最低日	最高	最高日
0	中国宝安	000009.XSHE	14.78228103805914	2020-12-11	96.54668421083913	2021-06-15
1	南玻A	000012.XSHE	16.46973565918526	2021-02-05	94.02767825356192	2020-11-16
2	深康佳A	000016.XSHE	10.829820214140483	2020-09-28	93.18574565636968	2021-08-13
3	深科技	000021.XSHE	6.9845977601169835	2021-05-10	73.9780987103243	2021-06-10
4	深圳能源	000027.XSHE	16.82545335590126	2021-07-02	89.59877962447376	2020-12-28
5	国药一致	000028.XSHE	11.018629837776544	2021-07-29	80.05986969312852	2020-10-13
6	富奥股份	000030.XSHE	8.556983276617416	2021-07-30	88.65989285519329	2021-08-16
7	大悦城	000031.XSHE	7.0977315587858385	2021-07-27	88.86982815221948	2021-09-09
8	深桑达A	000032.XSHE	7.327910556350673	2021-04-28	96.26374786470885	2021-02-25
9	神州数码	000034.XSHE	11.815633919685084	2020-12-24	87.68994717147223	2020-11-12
10	中国天楹	000035.XSHE	2.906976744186224	2020-09-28	89.48387338680342	2021-02-26
11	中集集团	000039.XSHE	19.840318300374776	2021-02-05	98.70536828500622	2020-11-09
12	泛海控股	000046.XSHE	5.0220672040936165	2021-07-02	86.05783933230545	2021-09-08
13	深天马A	000050.XSHE	14.869211778968008	2021-05-07	87.67081823233153	2021-07-09
14	华锦股份	000059.XSHE	17.565637284663353	2020-12-09	95.12109782441216	2020-11-17
15	中金岭南	000060.XSHE	18.872822643531507	2021-09-27	89.95550801287567	2021-02-22
16	农产品	000061.XSHE	5.331400893697776	2021-02-04	92.29877246302034	2021-09-09
17	深圳华强	000062.XSHE	14.76770483226683	2020-12-28	91.25538126052294	2021-04-28
18	中兴通讯	000063.XSHE	14.693308870370572	2020-12-11	87.32401654243185	2021-08-02
19	中国长城	000066.XSHE	6.915629322268401	2020-09-28	92.693993289816	2021-01-04
20	华侨城A	000069.XSHE	9.4893694796624	2021-05-13	90.13341935894603	2021-02-22
21	盐田港	000088.XSHE	5.800075671177893	2021-02-01	92.05720515443357	2021-09-07
22	深圳机场	000089.XSHE	3.3116078759307044	2021-08-02	91.69642177243097	2021-09-07
23	天健集团	000090.XSHE	6.99484673349572	2020-12-16	85.52847249006092	2021-09-02
24	TCL科技	000100.XSHE	9.876543209876544	2020-09-25	93.24157440399108	2021-01-13
25	川能动力	000155.XSHE	16.769937174054547	2021-06-16	95.44705843632728	2020-11-18
26	华数传媒	000156.XSHE	11.502070565769088	2020-12-14	97.54535002832972	2021-09-10
27	中联重科	000157.XSHE	8.547098012450448	2021-06-17	96.86026196996539	2020-12-02
28	常山北明	000158.XSHE	9.986053830246846	2020-10-30	91.43074871216338	2021-04-20
29	申万宏源	000166.XSHE	13.447903801940171	2021-01-26	97.14707265611766	2021-09-07
30	东方盛虹	000301.XSHE	13.401548666242817	2021-03-10	94.03119166006421	2020-11-10
31	潍柴动力	000338.XSHE	17.262473026069728	2021-05-13	92.73565165516787	2021-01-13
32	许继电气	000400.XSHE	16.29859281731342	2021-06-16	89.59269511929733	2021-08-11
33	冀东水泥	000401.XSHE	8.148148148148238	2020-09-11	92.61077177359725	2021-02-22
34	金融街	000402.XSHE	5.928591693632626	2021-01-07	90.12232995877525	2021-08-31
35	派林生物	000403.XSHE	15.0704080126621	2021-06-25	88.54977193625331	2020-11-13
36	藏格控股	000408.XSHE	7.911115774918443	2020-10-21	93.40881057779013	2021-05-21
37	东旭光电	000413.XSHE	2.5906735751295855	2020-09-28	83.31522901017068	2021-07-09
38	渤海租赁	000415.XSHE	8.149550310502121	2021-01-07	90.20075704654276	2021-06-02
39	吉林化纤	000420.XSHE	7.033382499936863	2020-11-02	97.5437231161501	2021-02-25
40	湖北宜化	000422.XSHE	11.0819823642409	2021-01-14	95.50242139127818	2021-08-31
41	东阿阿胶	000423.XSHE	7.590801741707978	2020-12-25	84.30483120676035	2021-06-07
42	徐工机械	000425.XSHE	5.88866674898172	2021-06-17	88.62832518760433	2020-12-02
43	兴业矿业	000426.XSHE	7.077720699190664	2021-04-13	90.00535347075102	2021-05-10
44	粤高速A	000429.XSHE	6.802795395386497	2020-12-10	96.11657614046892	2021-09-13
45	晨鸣纸业	000488.XSHE	9.46721836242159	2021-06-18	91.85008267212022	2020-11-24
46	丽珠集团	000513.XSHE	11.911718415015372	2021-07-27	89.6240724241456	2021-04-01
47	国际医学	000516.XSHE	10.462181811280558	2021-07-13	94.45841520140347	2020-12-28
48	中兵红箭	000519.XSHE	15.285426332382158	2020-11-02	92.04164524782436	2021-05-11
49	柳工	000528.XSHE	11.336978171064999	2021-05-13	89.80556829515108	2021-01-13
50	广宇发展	000537.XSHE	4.368890918132465	2021-07-29	99.78309666140122	2021-09-24
51	云南白药	000538.XSHE	6.5753613911583955	2021-08-23	92.18057132432085	2020-12-14
52	粤电力A	000539.XSHE	11.367274694666094	2020-11-02	93.02625529284826	2021-09-09
53	中天金融	000540.XSHE	5.687519235649475	2021-07-27	95.80667445750373	2021-09-03
54	皖能电力	000543.XSHE	4.507654877374691	2021-02-04	95.10904379862512	2021-09-06
55	航天发展	000547.XSHE	10.672383891952762	2021-03-10	94.076664069905	2021-01-07
56	江铃汽车	000550.XSHE	7.412021851708488	2021-09-24	89.88569747512334	2020-11-05
57	安道麦A	000553.XSHE	15.427712190452155	2020-11-02	83.11585656237885	2021-09-09
58	神州信息	000555.XSHE	14.386740484185836	2021-07-28	79.20047231510738	2021-03-25
59	万向钱潮	000559.XSHE	10.88752171108581	2021-01-07	91.549624004334	2021-06-24
60	陕国投A	000563.XSHE	11.07364273997608	2021-02-05	81.49986473121531	2021-09-08
61	海马汽车	000572.XSHE	16.55556730443176	2021-01-27	94.48914147798959	2021-04-21
62	威孚高科	000581.XSHE	11.939447080354824	2020-12-11	90.86085607462634	2021-08-16
63	北部湾港	000582.XSHE	4.804539665129212	2021-02-04	93.75263488953635	2020-11-17
64	太阳能	000591.XSHE	17.63381659297012	2021-02-05	93.18075331436008	2021-09-06
65	古井贡酒	000596.XSHE	13.103126321351027	2021-01-19	92.12756300155137	2020-12-28
66	兴蓉环境	000598.XSHE	9.901134955700698	2020-12-24	90.39543825714752	2021-02-25
67	建投能源	000600.XSHE	7.38432883019631	2021-02-04	90.11508046246303	2021-09-09
68	焦作万方	000612.XSHE	18.900934933171428	2021-06-21	88.29309705322437	2021-03-16
69	奥园美谷	000615.XSHE	11.81102362204733	2020-09-29	97.64582822413648	2021-04-30
70	中油资本	000617.XSHE	5.911076573374615	2021-07-20	94.55271444868957	2021-03-31
71	吉林敖东	000623.XSHE	14.542160879656876	2021-02-04	86.91191029246828	2021-09-13
72	长安汽车	000625.XSHE	4.385964912280613	2020-09-29	87.18490963182781	2021-05-17
73	远大控股	000626.XSHE	10.670674028737338	2021-09-27	97.47741008333087	2021-07-27
74	天茂集团	000627.XSHE	8.662336655745506	2021-02-01	84.99408101416893	2020-12-01
75	攀钢钒钛	000629.XSHE	8.641887719922266	2021-02-05	94.10981781532321	2020-11-16
76	铜陵有色	000630.XSHE	18.190130705540497	2020-12-15	96.82497027148762	2020-11-16
77	风华高科	000636.XSHE	15.064487523674217	2021-05-10	88.06108153549022	2021-07-12
78	仁和药业	000650.XSHE	11.526381169125145	2021-01-28	93.12020480259474	2021-03-22
79	金科股份	000656.XSHE	3.2475481518142857	2021-06-07	79.58166774945175	2021-08-11
80	中钨高新	000657.XSHE	14.10106143536565	2020-10-30	92.60736310572192	2021-07-02
81	长春高新	000661.XSHE	14.926610737129991	2021-05-28	90.19089381930701	2020-12-18
82	阳光城	000671.XSHE	6.343107034007218	2020-12-28	82.21196783762849	2021-02-25
83	上峰水泥	000672.XSHE	10.580321159397926	2021-06-24	93.94891982361612	2021-09-13
84	远兴能源	000683.XSHE	15.42907475629653	2021-01-11	97.32841346618302	2021-07-22
85	中山公用	000685.XSHE	13.077665158574462	2021-02-05	88.34084574703323	2021-09-09
86	东北证券	000686.XSHE	14.209720974857419	2021-04-13	85.93244191703292	2021-09-07
87	国城矿业	000688.XSHE	4.953878826648037	2021-01-07	93.62526498070368	2021-07-26
88	宝新能源	000690.XSHE	12.263053482390234	2021-05-06	89.49876189781966	2021-08-19
89	恒逸石化	000703.XSHE	3.2339853047707123	2020-09-30	92.73614437924078	2021-02-23
90	中信特钢	000708.XSHE	16.75885586983526	2021-09-28	93.30816451310261	2021-01-08
91	河钢股份	000709.XSHE	9.855036797141082	2020-11-02	95.21868389810564	2021-08-31
92	锦龙股份	000712.XSHE	19.451657305234264	2021-09-27	88.59779262893537	2020-12-02
93	韶钢松山	000717.XSHE	16.50990443475402	2021-06-24	97.08834745360691	2021-09-09
94	苏宁环球	000718.XSHE	13.116243331869455	2021-07-28	94.97873894564763	2021-05-06
95	美锦能源	000723.XSHE	17.918567466924188	2021-09-27	94.04656299867682	2021-08-11
96	京东方A	000725.XSHE	11.615458257762725	2021-09-24	91.0808100072916	2021-01-13
97	冠捷科技	000727.XSHE	9.281686347898017	2021-07-05	91.96885242845916	2021-03-08
98	国元证券	000728.XSHE	0.0	2020-09-17	90.93776855149292	2020-09-23
99	燕京啤酒	000729.XSHE	6.2059508354831365	2021-07-30	90.36754516274405	2021-09-10
100	振华科技	000733.XSHE	15.89371770122959	2021-05-10	89.8132618873399	2020-12-28
101	航发控制	000738.XSHE	14.191356977216145	2020-11-02	89.6872215152145	2021-01-07
102	普洛药业	000739.XSHE	15.649197769835013	2020-11-02	89.78064831140682	2021-09-22
103	国海证券	000750.XSHE	6.502052319658105	2021-02-08	85.33077322874558	2021-09-10
104	中色股份	000758.XSHE	13.191223625316994	2020-10-30	89.92776173673832	2021-07-26
105	本钢板材	000761.XSHE	5.136420828811325	2021-02-03	92.99094482583371	2021-09-07
106	西藏矿业	000762.XSHE	16.408281565276084	2021-09-28	95.00831946755405	2020-09-28
107	晋控电力	000767.XSHE	12.385365118832851	2021-07-28	96.19143632578674	2020-12-30
108	中航西飞	000768.XSHE	13.836193657343884	2021-03-24	90.07284156166769	2021-01-04
109	广发证券	000776.XSHE	14.969643093275721	2021-04-13	89.53757242246718	2020-11-10
110	新兴铸管	000778.XSHE	7.145706565266693	2021-02-04	93.34607564845533	2021-09-09
111	长江证券	000783.XSHE	11.002707861458475	2021-02-08	88.20666581684536	2021-08-18
112	居然之家	000785.XSHE	4.181419838679943	2021-07-28	82.81976347421866	2020-11-03
113	北新建材	000786.XSHE	8.794077455298194	2021-06-30	97.00803043642588	2021-01-12
114	万年青	000789.XSHE	8.689227777672627	2021-06-21	97.30323164168497	2021-09-23
115	盐湖股份	000792.XSHE	0.0	2019-06-19	97.6311612268337	2021-08-10
116	酒鬼酒	000799.XSHE	10.984446130540903	2021-07-30	96.11122726680804	2021-01-07
117	一汽解放	000800.XSHE	0.0	2020-09-25	93.46917226980501	2021-07-14
118	云铝股份	000807.XSHE	20.09549550369215	2021-09-28	92.10843279200077	2020-12-02
119	航锦科技	000818.XSHE	14.631014620274556	2020-12-11	93.93633580625955	2021-06-03
120	山东海化	000822.XSHE	8.772532585232653	2020-12-11	93.65257086549323	2021-02-23
121	太钢不锈	000825.XSHE	11.1612224619399	2020-11-02	92.42461813250556	2021-05-11
122	东莞控股	000828.XSHE	13.622833471883538	2020-10-30	87.84091168534798	2021-02-23
123	天音控股	000829.XSHE	9.392260719998475	2021-02-08	93.59007627104249	2021-08-10
124	鲁西化工	000830.XSHE	12.329133102138798	2021-01-29	90.83351300537745	2021-01-13
125	五矿稀土	000831.XSHE	17.89669105727171	2020-10-26	92.32780849243937	2021-07-12
126	中信国安	000839.XSHE	8.260766610176049	2020-12-16	87.4379426861625	2021-08-31
127	承德露露	000848.XSHE	12.670683327176988	2021-01-25	95.02136568940439	2021-05-27
128	顺鑫农业	000860.XSHE	3.025718608169484	2020-09-25	89.60598209866339	2021-06-07
129	张裕A	000869.XSHE	5.250983753912649	2021-02-08	84.1246031607014	2020-10-23
130	吉电股份	000875.XSHE	10.642316536478745	2021-02-08	87.61626350293774	2021-06-28
131	新希望	000876.XSHE	4.393042270841988	2021-07-29	83.99814381780864	2021-01-05
132	天山股份	000877.XSHE	8.213169091908284	2021-06-21	87.78925697838099	2021-08-18
133	云南铜业	000878.XSHE	17.886222581842745	2020-10-30	91.01725884697366	2021-02-22
134	湖北能源	000883.XSHE	8.25374103879436	2020-12-11	93.00014306965892	2021-03-31
135	中鼎股份	000887.XSHE	8.0763582966227	2020-09-28	90.72243821408273	2021-07-15
136	亚钾国际	000893.XSHE	3.8321910730071806	2020-09-28	92.7934155142065	2021-05-14
137	双汇发展	000895.XSHE	6.641020855867282	2021-06-21	84.34743551099945	2021-01-05
138	鞍钢股份	000898.XSHE	15.902159654522833	2021-02-03	91.48459159853655	2021-02-22
139	新洋丰	000902.XSHE	11.314043366373966	2021-05-13	89.46506165480386	2021-01-06
140	泸天化	000912.XSHE	12.462884834044772	2021-01-11	89.68835536121225	2021-09-22
141	海信家电	000921.XSHE	10.209699556087344	2021-07-28	92.753780051639	2021-04-02
142	河钢资源	000923.XSHE	19.18737252768338	2021-09-28	97.9281900944377	2020-11-12
143	中国铁物	000927.XSHE	13.352056640273403	2021-02-08	93.13974611180412	2021-09-02
144	中钢国际	000928.XSHE	14.2329518325882	2020-11-02	94.25953032669928	2021-05-10
145	中粮科技	000930.XSHE	15.151924822711777	2020-11-02	91.90739105209309	2021-09-13
146	华菱钢铁	000932.XSHE	17.489368527827324	2020-12-14	89.94737267263837	2021-02-22
147	神火股份	000933.XSHE	16.58338160484466	2021-09-28	97.62991803388904	2020-11-19
148	四川双马	000935.XSHE	9.541202015025178	2020-12-24	96.82765945873304	2021-07-06
149	冀中能源	000937.XSHE	12.015052328219184	2021-02-05	98.66624031318729	2021-09-16
150	紫光股份	000938.XSHE	13.10573908697539	2020-11-02	88.26329692293142	2021-06-01
151	中国重汽	000951.XSHE	0.0	2020-09-25	90.12896374496705	2021-01-15
152	东方能源	000958.XSHE	8.097165991902855	2020-09-28	89.23176236006276	2020-12-28
153	首钢股份	000959.XSHE	11.304268692924438	2020-09-30	93.1337321144928	2021-05-12
154	锡业股份	000960.XSHE	19.028616336853418	2021-03-25	94.76376781135703	2021-02-24
155	中南建设	000961.XSHE	7.445059172226507	2021-06-15	82.96377292908734	2020-11-19
156	华东医药	000963.XSHE	11.062586557788606	2021-07-27	92.39122389555529	2021-02-23
157	长源电力	000966.XSHE	13.464991023339408	2020-09-28	92.95918547567186	2021-03-16
158	盈峰环境	000967.XSHE	2.8348006908302494	2021-06-23	87.3776351896182	2021-03-02
159	蓝焰控股	000968.XSHE	7.486620975494304	2021-02-02	97.1916746909061	2021-09-02
160	中科三环	000970.XSHE	17.73335138242895	2021-06-16	84.14360686837128	2021-07-09
161	银泰黄金	000975.XSHE	19.39220668447288	2021-01-11	90.62592085076653	2021-09-13
162	浪潮信息	000977.XSHE	8.131986619461841	2020-12-28	85.94346483873655	2021-07-19
163	中银绒业	000982.XSHE	11.34447529338496	2020-12-16	96.22251343932888	2021-06-11
164	山西焦煤	000983.XSHE	8.437508629129624	2021-02-05	92.56257100425259	2021-05-12
165	越秀金控	000987.XSHE	11.491199586475943	2021-07-30	83.4018831102914	2021-09-07
166	华工科技	000988.XSHE	12.038588141785993	2020-12-11	89.05210897231514	2021-06-23
167	诚志股份	000990.XSHE	15.947611310419973	2020-12-28	91.35267328401112	2021-03-04
168	新大陆	000997.XSHE	8.682709005209475	2020-09-29	86.97877772564253	2021-06-16
169	隆平高科	000998.XSHE	12.56966108022857	2020-10-30	92.3576261984922	2021-08-06
170	华润三九	000999.XSHE	14.632435550667608	2021-03-24	87.92343537001085	2021-08-27
171	招商港口	001872.XSHE	9.658363072837105	2020-12-14	97.56846991674634	2021-09-09
172	豫能控股	001896.XSHE	10.314642617635954	2021-07-28	99.20540381473069	2020-12-28
173	招商积余	001914.XSHE	2.6065097235293564	2021-07-19	90.55588547710748	2021-04-01
174	招商公路	001965.XSHE	12.648859361282632	2021-06-18	85.8741181750222	2021-09-09
175	招商蛇口	001979.XSHE	5.438231912854363	2020-11-02	84.78212361351083	2021-09-23
176	新和成	002001.XSHE	11.620589952346535	2021-07-27	93.12388740281452	2021-01-05
177	鸿达兴业	002002.XSHE	6.787330316742114	2020-09-28	93.06183909936622	2021-07-23
178	华邦健康	002004.XSHE	11.452164514660893	2021-01-29	98.52675709925451	2021-09-13
179	华兰生物	002007.XSHE	6.6635818416282575	2021-08-30	100.0	2020-09-25
180	大族激光	002008.XSHE	11.070675092254206	2021-05-10	87.43825284016543	2020-11-09
181	传化智联	002010.XSHE	2.165064518922705	2020-09-30	90.89070739860607	2021-06-15
182	中航机电	002013.XSHE	16.466805714146773	2021-07-02	92.6559468743803	2021-01-05
183	协鑫能科	002015.XSHE	12.6114792290101	2020-12-15	94.79659170387191	2021-08-25
184	亿帆医药	002019.XSHE	6.495310932006845	2021-07-29	84.99448728738022	2021-09-07
185	海特高新	002023.XSHE	8.27165622171502	2021-02-01	91.92282423736748	2021-06-21
186	苏宁易购	002024.XSHE	4.421535005960635	2021-06-15	84.33446344723959	2021-09-08
187	航天电器	002025.XSHE	14.83517934265231	2021-03-09	91.68452739228397	2021-01-04
188	分众传媒	002027.XSHE	13.273711927012016	2021-06-21	88.61568243860539	2020-10-14
189	思源电气	002028.XSHE	13.977834103786066	2021-07-13	92.67987321496601	2021-08-12
190	达安基因	002030.XSHE	14.922681428518757	2021-07-06	89.22795666760466	2021-08-03
191	苏泊尔	002032.XSHE	6.979961748387694	2021-06-22	87.99941337911427	2021-04-07
192	联创电子	002036.XSHE	13.73846329194599	2021-02-01	95.87364006545808	2021-07-13
193	双鹭药业	002038.XSHE	10.38282141842457	2020-12-11	91.2428512141216	2021-09-09
194	登海种业	002041.XSHE	12.843215196019202	2021-04-12	88.19704093650915	2020-12-28
195	美年健康	002044.XSHE	9.995822307094315	2021-06-18	89.15208930007822	2021-02-22
196	宁波华翔	002048.XSHE	15.057830522910223	2021-02-02	83.7625204406789	2021-02-19
197	紫光国微	002049.XSHE	10.671250892899295	2021-02-05	88.76379447322932	2021-01-07
198	三花智控	002050.XSHE	15.448659700045269	2021-03-09	88.5126999547532	2020-11-05
199	横店东磁	002056.XSHE	12.201380772389356	2021-06-16	83.83316204022957	2020-11-10
200	远光软件	002063.XSHE	6.278884854303556	2021-02-04	86.49540073045587	2021-09-22
201	华峰化学	002064.XSHE	17.37225212733979	2020-12-14	93.90088095426174	2021-01-08
202	东华软件	002065.XSHE	4.528479170850147	2020-11-02	91.39588154436821	2021-06-10
203	国轩高科	002074.XSHE	15.468607825295734	2020-09-28	95.25006028403081	2021-07-14
204	沙钢股份	002075.XSHE	11.555371076269509	2021-07-28	94.2684210776144	2021-06-25
205	太阳纸业	002078.XSHE	13.16209614793081	2021-07-27	92.25854788093838	2021-09-08
206	苏州固锝	002079.XSHE	9.01411643625579	2021-02-05	85.03074379673801	2020-12-08
207	中材科技	002080.XSHE	12.959481114521438	2021-05-13	96.82207677678295	2021-01-08
208	金螳螂	002081.XSHE	4.681532949197575	2021-07-29	81.87596899425242	2021-03-01
209	万丰奥威	002085.XSHE	11.016052110290346	2021-01-28	91.1882858071679	2021-09-13
210	鲁阳节能	002088.XSHE	10.431520453181136	2020-12-18	93.36247134787104	2020-11-12
211	江苏国泰	002091.XSHE	19.762845849802332	2020-09-28	98.29660000793632	2021-06-07
212	中泰化学	002092.XSHE	20.98977592231627	2021-03-24	92.97668478275452	2021-01-25
213	山河智能	002097.XSHE	11.271074290685803	2020-11-02	90.25594910594164	2021-08-05
214	海翔药业	002099.XSHE	2.8316768558684373	2021-06-02	97.54679787739781	2021-04-09
215	沧州明珠	002108.XSHE	18.303043134956397	2021-09-27	91.20195830468485	2021-06-04
216	三钢闽光	002110.XSHE	9.932326977929037	2021-02-05	92.72812503268324	2021-07-16
217	韵达股份	002120.XSHE	8.522394462253658	2021-04-13	92.46245447075263	2021-07-12
218	梦网科技	002123.XSHE	11.823435502559732	2020-12-28	90.34836247762016	2021-06-11
219	天邦股份	002124.XSHE	4.798451400945652	2021-05-13	88.59209317473295	2020-12-07
220	南极电商	002127.XSHE	5.726034033964382	2021-01-07	87.07413241649077	2021-07-05
221	露天煤业	002128.XSHE	11.735415488623474	2021-02-05	88.52775346566867	2020-11-23
222	中环股份	002129.XSHE	20.835359470220283	2021-03-09	92.54061283032401	2021-06-30
223	利欧股份	002131.XSHE	8.335435674102072	2021-04-21	90.62959542087978	2021-09-13
224	东南网架	002135.XSHE	12.119751497193064	2021-01-29	97.80047552000597	2021-09-02
225	顺络电子	002138.XSHE	8.415558914378607	2021-05-12	91.0491637859468	2021-02-04
226	拓邦股份	002139.XSHE	16.323160395466346	2021-09-17	94.42844581812447	2021-01-28
227	中核钛白	002145.XSHE	7.692307692307708	2020-09-25	91.0426905532558	2021-01-28
228	荣盛发展	002146.XSHE	7.435630580459218	2020-12-24	87.04106620519916	2021-05-18
229	北斗星通	002151.XSHE	10.704878001087508	2021-02-01	89.56399153183715	2020-10-15
230	广电运通	002152.XSHE	8.607867603767318	2020-12-16	88.12810593987233	2021-03-25
231	石基信息	002153.XSHE	13.76000159260144	2021-07-02	93.90001270883705	2021-09-27
232	湖南黄金	002155.XSHE	19.662779132049522	2021-01-14	96.36995876718812	2021-08-23
233	通富微电	002156.XSHE	12.972798995149034	2021-03-10	88.56341466579325	2020-11-09
234	正邦科技	002157.XSHE	11.176193422078867	2021-04-14	81.8791015104813	2021-02-22
235	汉钟精机	002158.XSHE	18.65430406239426	2020-12-09	88.83347608957347	2021-02-02
236	海南发展	002163.XSHE	6.995729174380699	2021-03-09	93.864204672276	2021-04-14
237	楚江新材	002171.XSHE	19.043984061248025	2020-12-30	92.21687866090802	2021-08-31
238	游族网络	002174.XSHE	8.191325097691617	2020-12-28	86.39485693576273	2021-03-25
239	江特电机	002176.XSHE	7.563406149701962	2020-11-02	97.47289261671892	2021-07-23
240	中航光电	002179.XSHE	19.0614190013372	2021-09-14	92.70730736341204	2020-11-06
241	纳思达	002180.XSHE	17.091230587012333	2020-12-25	89.22266910736029	2021-06-25
242	云海金属	002182.XSHE	18.071899981786572	2021-03-25	95.9920071267706	2021-09-22
243	怡亚通	002183.XSHE	10.349615241322383	2020-12-16	93.14398188534072	2021-08-20
244	华天科技	002185.XSHE	10.535290001677012	2020-12-16	88.5012182321519	2020-11-09
245	成飞集成	002190.XSHE	13.628207370124045	2021-05-10	88.69785381495272	2020-12-07
246	劲嘉股份	002191.XSHE	13.744194390710462	2021-07-30	94.57635379642927	2021-09-03
247	融捷股份	002192.XSHE	17.618765484978624	2021-09-28	98.44765322149375	2021-07-13
248	二三四五	002195.XSHE	5.880337126927003	2020-11-02	94.335797334998	2021-09-08
249	金风科技	002202.XSHE	13.376687904205127	2021-05-13	93.91389196069848	2020-10-15
250	海亮股份	002203.XSHE	6.557377049180332	2020-09-25	93.37493969868291	2021-02-22
251	海利得	002206.XSHE	14.14948936157269	2021-09-28	95.24950145642688	2021-09-08
252	天融信	002212.XSHE	8.269439372561905	2020-11-02	81.34215140876606	2021-03-03
253	大立科技	002214.XSHE	12.836634495282368	2021-03-10	93.15058107121959	2021-08-10
254	三全食品	002216.XSHE	7.935150400771477	2021-06-15	85.24018653506586	2020-09-29
255	合力泰	002217.XSHE	4.900824265786696	2020-11-02	85.20522862364624	2021-06-09
256	拓日新能	002218.XSHE	18.969049361272837	2021-02-05	97.36040719076111	2021-06-29
257	东华能源	002221.XSHE	16.162739486680863	2020-12-16	93.04709354863004	2020-11-24
258	鱼跃医疗	002223.XSHE	18.30927493359151	2021-02-08	95.9508223969794	2021-04-27
259	江南化工	002226.XSHE	8.377263717798556	2021-01-13	89.04565104278188	2021-09-23
260	科大讯飞	002230.XSHE	13.396865215052514	2021-08-17	91.47219938987112	2020-11-09
261	塔牌集团	002233.XSHE	8.449555096953333	2021-01-29	93.64408265338515	2021-09-13
262	大华股份	002236.XSHE	12.667755192425446	2020-12-24	90.60726486034632	2020-11-06
263	恒邦股份	002237.XSHE	16.312038627518575	2021-01-11	85.34898816069632	2020-10-14
264	奥特佳	002239.XSHE	6.2541715671439135	2021-02-03	88.49529938363236	2021-07-09
265	盛新锂能	002240.XSHE	8.775510204081627	2020-09-28	95.99966760832213	2021-07-13
266	歌尔股份	002241.XSHE	11.721885089158462	2021-02-08	90.94076749843344	2021-04-22
267	九阳股份	002242.XSHE	7.376426268384108	2021-07-26	91.53227817195209	2021-06-10
268	力合科创	002243.XSHE	12.58251648095856	2020-12-16	96.13985881846597	2021-09-01
269	滨江集团	002244.XSHE	8.65163554616197	2020-12-24	96.15467491447849	2021-09-07
270	蔚蓝锂芯	002245.XSHE	18.627287051916042	2021-03-09	97.10144927536231	2020-09-28
271	大洋电机	002249.XSHE	8.278145695364145	2020-09-28	93.7558141495211	2021-07-26
272	联化科技	002250.XSHE	1.995757589581018	2020-09-30	88.03396712067047	2021-06-07
273	上海莱士	002252.XSHE	10.091195843428949	2021-08-31	90.88746367191986	2021-04-22
274	泰和新材	002254.XSHE	17.262409187023465	2020-11-02	90.33029121676238	2021-06-01
275	利尔化学	002258.XSHE	6.654853714032527	2020-09-30	90.08269273028043	2021-08-02
276	拓维信息	002261.XSHE	5.896806925050498	2020-11-02	93.31570588178633	2021-06-01
277	恩华药业	002262.XSHE	6.563714907461005	2021-07-29	84.58554208089336	2021-04-06
278	浙富控股	002266.XSHE	6.739755571531319	2020-09-30	89.467440873818	2021-03-22
279	陕天然气	002267.XSHE	10.634401982060325	2021-01-29	95.08436770970022	2021-08-09
280	卫士通	002268.XSHE	11.25697416801674	2020-12-28	96.45004708837772	2021-08-30
281	东方雨虹	002271.XSHE	9.238778406889551	2021-07-27	96.2011654602025	2021-01-07
282	水晶光电	002273.XSHE	7.31707317073176	2020-09-25	84.5963914999754	2021-04-20
283	华昌化工	002274.XSHE	8.841460314975848	2020-11-02	95.92093722473298	2021-03-01
284	联络互动	002280.XSHE	12.260842843432187	2020-12-30	97.39278965112726	2021-06-03
285	光迅科技	002281.XSHE	10.196740615299575	2021-02-05	82.58074893725896	2021-05-31
286	奇正藏药	002287.XSHE	17.06725873553914	2021-02-05	91.0057351950403	2021-04-21
287	星期六	002291.XSHE	13.902468414758445	2020-12-24	87.40683667277113	2020-10-13
288	信立泰	002294.XSHE	6.640564371024155	2021-07-27	89.91817314230451	2021-01-25
289	圣农发展	002299.XSHE	5.526112402980502	2021-07-26	87.50086701771805	2020-12-08
290	西部建设	002302.XSHE	8.738031428694981	2020-11-02	89.46837379529998	2021-08-18
291	海大集团	002311.XSHE	13.716090914752655	2021-09-16	90.9825134061557	2021-02-10
292	川发龙蟒	002312.XSHE	20.606105124747614	2020-11-26	96.16906974659076	2021-01-27
293	久立特材	002318.XSHE	9.01300490636153	2021-05-13	91.8518677738178	2021-08-16
294	海峡股份	002320.XSHE	10.26000026406193	2021-07-20	93.31828499516435	2021-09-02
295	普利特	002324.XSHE	7.516424690758441	2021-07-08	89.4051791836146	2021-01-05
296	永太科技	002326.XSHE	2.5641025641025124	2020-09-28	95.36738339878787	2021-06-11
297	仙琚制药	002332.XSHE	11.940875221806166	2021-07-09	87.41941510434253	2021-04-28
298	科华数据	002335.XSHE	8.599081248401902	2021-05-10	92.74714702716567	2021-08-12
299	格林美	002340.XSHE	1.700680272108798	2020-09-28	94.68470406854541	2021-01-12
300	漫步者	002351.XSHE	6.105561366014157	2020-12-28	87.60443197521244	2021-02-25
301	杰瑞股份	002353.XSHE	13.959127785000959	2021-03-16	89.3110483874025	2021-02-18
302	太极股份	002368.XSHE	6.658255255230358	2021-02-08	83.8334027499858	2021-09-03
303	北方华创	002371.XSHE	16.208457612603013	2021-03-16	93.17629918906364	2021-06-10
304	伟星新材	002372.XSHE	5.635678140190805	2021-07-09	91.79825538539019	2020-11-04
305	千方科技	002373.XSHE	15.1015199251366	2020-12-11	82.04976232754554	2021-06-10
306	亚厦股份	002375.XSHE	6.0582734633367465	2020-09-30	89.68833992959702	2021-01-19
307	蓝帆医疗	002382.XSHE	15.116224634181009	2021-09-27	89.42465924570129	2021-04-30
308	东山精密	002384.XSHE	10.148321623731405	2020-09-28	86.03672599220239	2020-12-07
309	大北农	002385.XSHE	5.325775335183536	2021-06-21	89.9251014110494	2020-12-07
310	天原股份	002386.XSHE	16.18158850660356	2020-12-16	96.77225012789816	2021-05-31
311	维信诺	002387.XSHE	7.990015512917452	2020-12-24	95.58690918719068	2020-09-30
312	航天彩虹	002389.XSHE	12.57562110110132	2021-03-10	85.64748224491328	2021-08-06
313	信邦制药	002390.XSHE	10.835673086044494	2021-07-06	90.30979833369231	2020-12-31
314	星网锐捷	002396.XSHE	9.002770083102448	2020-09-28	90.82960004671526	2021-07-19
315	海普瑞	002399.XSHE	12.987557252671579	2021-07-08	87.24588704727266	2021-08-05
316	和而泰	002402.XSHE	12.091038406827977	2020-09-28	87.73546818174493	2021-05-31
317	四维图新	002405.XSHE	10.11378002528437	2020-09-28	83.54507609127535	2021-04-19
318	多氟多	002407.XSHE	10.526315789473728	2020-09-25	90.86252273055905	2021-07-13
319	齐翔腾达	002408.XSHE	11.876484560570034	2020-09-28	93.60558972380309	2021-05-10
320	雅克科技	002409.XSHE	14.197586858640747	2020-10-26	86.56133966199042	2021-01-18
321	广联达	002410.XSHE	7.7323127074236595	2021-03-09	93.08210307160594	2020-10-15
322	延安必康	002411.XSHE	10.001066536516362	2021-01-07	94.12000081382618	2021-08-31
323	高德红外	002414.XSHE	11.93922146692887	2021-03-10	94.41161826247304	2021-01-08
324	爱施德	002416.XSHE	12.156165020549125	2021-07-28	96.44885977193803	2021-01-20
325	科伦药业	002422.XSHE	7.454739084132086	2020-09-28	89.47183132094935	2021-05-21
326	中粮资本	002423.XSHE	10.741077073741536	2021-07-27	84.79121399806303	2021-05-26
327	兆驰股份	002429.XSHE	11.147997456618754	2021-09-22	85.16277092494433	2021-07-22
328	杭氧股份	002430.XSHE	10.872736839732468	2021-09-27	87.52505496922677	2021-04-23
329	万里扬	002434.XSHE	8.119079837618358	2020-09-28	87.09672941673819	2021-03-08
330	兴森科技	002436.XSHE	10.663794739389076	2020-12-28	91.9089800892119	2021-05-31
331	启明星辰	002439.XSHE	15.050841680618518	2020-10-28	91.096287841463	2021-07-15
332	闰土股份	002440.XSHE	15.33742331288336	2020-09-28	91.37166018154213	2021-08-12
333	巨星科技	002444.XSHE	8.60451873534626	2021-09-24	94.96786838474594	2020-10-29
334	华软科技	002453.XSHE	9.879285292728255	2020-11-02	95.06339476266275	2021-08-02
335	欧菲光	002456.XSHE	8.475932846212302	2021-03-19	90.86879793189776	2021-09-08
336	益生股份	002458.XSHE	8.660564200285123	2021-07-16	90.30769048090778	2021-09-13
337	晶澳科技	002459.XSHE	10.710334746278448	2021-03-09	94.64598228747505	2020-12-23
338	珠江啤酒	002461.XSHE	14.544535577119959	2021-07-30	90.38446852672391	2021-04-23
339	沪电股份	002463.XSHE	10.720015877725203	2021-08-30	83.07596167362529	2020-11-09
340	海格通信	002465.XSHE	7.5376379724587395	2021-02-05	83.69132240191709	2021-08-11
341	天齐锂业	002466.XSHE	0.0	2020-09-25	92.37942934625431	2021-01-08
342	申通快递	002468.XSHE	7.232720410152538	2021-07-28	85.52668779621276	2021-09-06
343	双环传动	002472.XSHE	10.55007914561078	2020-11-02	92.208121931061	2021-07-13
344	双塔食品	002481.XSHE	8.522920323966787	2021-03-15	84.12709221783396	2021-06-01
345	江海股份	002484.XSHE	17.44133352967141	2021-05-10	90.28006522720743	2021-02-24
346	大金重工	002487.XSHE	4.385964912280613	2020-09-25	95.40654220463009	2021-09-22
347	荣盛石化	002493.XSHE	9.894859598439837	2021-03-09	89.80996157206268	2020-11-12
348	雅化集团	002497.XSHE	17.677248590491644	2021-03-24	92.98328807466982	2021-06-04
349	汉缆股份	002498.XSHE	8.079418411479566	2021-02-04	93.42876466858192	2021-08-13
350	山西证券	002500.XSHE	15.085374872002859	2021-02-05	87.97906377036794	2020-12-31
351	鹏都农牧	002505.XSHE	12.889065408317748	2020-11-02	88.2517657060963	2021-01-06
352	协鑫集成	002506.XSHE	11.962434581437506	2021-05-31	89.43352133511335	2021-08-25
353	涪陵榨菜	002507.XSHE	8.612225684204319	2021-07-27	86.59523388635043	2020-12-10
354	老板电器	002508.XSHE	6.824079581573841	2021-07-27	94.32433891483092	2020-11-11
355	中顺洁柔	002511.XSHE	7.433517559644969	2021-07-12	93.79424035959534	2021-01-12
356	科士达	002518.XSHE	9.472259810554831	2020-09-28	95.76910563144743	2021-07-26
357	天顺风能	002531.XSHE	24.400418804152835	2021-04-13	94.79590677879526	2020-10-14
358	天山铝业	002532.XSHE	16.955272242762447	2021-06-21	93.85482462992184	2021-02-09
359	杭锅股份	002534.XSHE	16.70644391408102	2020-09-28	91.7047040229635	2021-03-22
360	司尔特	002538.XSHE	17.329938383051456	2021-01-14	92.08204769192305	2021-06-09
361	云图控股	002539.XSHE	20.585744008286795	2021-05-20	92.27653041444698	2021-08-31
362	鸿路钢构	002541.XSHE	20.458816979265407	2021-09-13	91.42297445672227	2021-01-13
363	东方铁塔	002545.XSHE	9.40860215053766	2020-09-28	93.72917456653101	2021-07-26
364	三七互娱	002555.XSHE	9.683472757765372	2021-07-28	88.95392445008088	2021-09-08
365	洽洽食品	002557.XSHE	10.728316791384259	2021-06-16	84.94756597334232	2021-01-11
366	巨人网络	002558.XSHE	9.028098141462493	2021-03-15	90.99552396977953	2021-06-15
367	森马服饰	002563.XSHE	12.963097634715808	2021-09-16	93.56433148911681	2021-05-07
368	百润股份	002568.XSHE	10.402711517478906	2021-03-09	93.58495097226995	2020-11-20
369	索菲亚	002572.XSHE	6.355479243325618	2021-07-28	93.70793219160461	2021-02-04
370	双星新材	002585.XSHE	13.477544396549746	2020-12-11	92.27021784240969	2021-04-30
371	豪迈科技	002595.XSHE	14.682158637258496	2021-02-23	85.49187433490832	2021-01-04
372	金禾实业	002597.XSHE	10.126205447966257	2020-10-30	87.12620207864876	2021-01-27
373	领益智造	002600.XSHE	6.69365682435668	2021-03-25	92.19755400897701	2020-10-12
374	龙佰集团	002601.XSHE	11.428571428571459	2020-09-25	90.46023495654096	2020-11-17
375	世纪华通	002602.XSHE	10.402924597889495	2021-07-28	94.26307308216748	2021-09-08
376	以岭药业	002603.XSHE	11.180239541229028	2020-12-11	90.0784387653346	2021-07-01
377	中公教育	002607.XSHE	8.17666035329897	2021-07-27	89.59515119694854	2020-11-02
378	江苏国信	002608.XSHE	4.002406720917733	2021-07-28	91.89243512358883	2021-09-06
379	爱康科技	002610.XSHE	14.79786098365507	2021-06-08	94.5185540398528	2021-08-31
380	朗姿股份	002612.XSHE	11.286050607226173	2021-06-16	94.07800825633892	2020-12-15
381	露笑科技	002617.XSHE	13.486513486513473	2020-09-28	94.4840086827408	2021-05-31
382	完美世界	002624.XSHE	9.879958061168352	2021-07-28	84.36138489268518	2021-09-08
383	光启技术	002625.XSHE	14.17816687629518	2021-04-12	92.59755941698306	2021-06-15
384	金达威	002626.XSHE	8.025162583601471	2021-07-27	85.50752400673896	2021-05-19
385	金安国纪	002636.XSHE	6.848471305123709	2020-11-02	97.01505828595805	2020-12-08
386	万润股份	002643.XSHE	14.617086208044057	2021-03-09	81.63493845005067	2021-05-31
387	华宏科技	002645.XSHE	16.44736842105253	2020-09-28	91.64370968541962	2021-03-04
388	青青稞酒	002646.XSHE	16.166298409329613	2021-02-08	98.56068121533201	2020-11-19
389	卫星石化	002648.XSHE	18.934705443868367	2021-03-09	94.02769728273832	2020-11-10
390	利君股份	002651.XSHE	12.603047990302002	2020-11-12	91.61611017365371	2021-01-07
391	海思科	002653.XSHE	12.06006593136867	2021-08-30	86.36435876643948	2021-03-12
392	国盛金控	002670.XSHE	9.690718888517594	2021-02-08	96.14645395042038	2020-12-03
393	西部证券	002673.XSHE	9.72719071123879	2021-07-19	90.14024379409993	2021-08-18
394	东诚药业	002675.XSHE	9.868863338081738	2021-08-31	91.89612406435992	2020-12-07
395	宏大爆破	002683.XSHE	7.828102741989753	2021-05-10	86.1350414689522	2021-01-07
396	美亚光电	002690.XSHE	11.842359040965178	2021-02-26	92.18440362281504	2021-06-22
397	博实股份	002698.XSHE	14.438193455773686	2020-12-11	87.10172401445136	2021-08-02
398	奥瑞金	002701.XSHE	15.401878097315844	2020-12-14	85.15873886575646	2021-08-16
399	新宝股份	002705.XSHE	5.440488623439563	2021-07-28	91.27154220047215	2021-01-22
400	良信股份	002706.XSHE	8.315376298738983	2021-08-20	91.28841846314944	2021-04-01
401	天赐材料	002709.XSHE	21.322407417976336	2021-02-24	93.66827952037153	2020-10-13
402	海洋王	002724.XSHE	0.0	2020-09-25	93.20003105493444	2021-05-07
403	龙大肉食	002726.XSHE	8.85867274289555	2021-06-24	86.70696900561335	2021-04-23
404	一心堂	002727.XSHE	14.840447282269139	2021-07-27	91.34269506287377	2020-12-08
405	国信证券	002736.XSHE	9.879188312620641	2021-04-28	85.34480669941712	2021-08-18
406	中矿资源	002738.XSHE	21.381262654875172	2021-03-24	92.28241669721483	2021-07-12
407	万达电影	002739.XSHE	4.961829631858009	2021-08-04	87.47137510490082	2020-11-10
408	木林森	002745.XSHE	2.828868863926246	2020-09-30	88.24707087639204	2020-11-18
409	埃斯顿	002747.XSHE	14.920135789252981	2021-03-10	92.03527893367071	2020-10-15
410	奥赛康	002755.XSHE	7.084404254158173	2020-12-28	77.2701868362756	2021-02-19
411	永兴材料	002756.XSHE	15.34090909090905	2020-09-28	94.68432674823845	2020-12-21
412	天际股份	002759.XSHE	15.126831354441094	2021-03-30	92.91416497033855	2021-04-29
413	康弘药业	002773.XSHE	7.280165063950847	2021-04-15	82.40535625652609	2021-06-01
414	坚朗五金	002791.XSHE	8.730064950027739	2021-09-03	93.45999452868553	2020-12-18
415	罗欣药业	002793.XSHE	4.839852463581522	2021-07-28	84.16511714464806	2021-09-13
416	第一创业	002797.XSHE	9.221877049830724	2021-01-14	86.68644496127935	2020-10-12
417	山东赫达	002810.XSHE	13.971311201630215	2021-09-03	95.41567390267464	2021-01-18
418	崇达技术	002815.XSHE	9.372870312197875	2021-02-05	87.88319151663859	2021-07-30
419	凯莱英	002821.XSHE	14.493530343831594	2021-03-09	94.85486028390996	2020-10-13
420	裕同科技	002831.XSHE	12.023293776449123	2020-11-30	86.7936282346815	2021-09-06
421	比音勒芬	002832.XSHE	17.176355019435178	2021-01-13	89.27023312659482	2021-05-06
422	弘亚数控	002833.XSHE	13.597752841878687	2021-07-27	95.74468085106382	2020-09-25
423	张家港行	002839.XSHE	14.191002670585988	2021-06-15	86.61408266015361	2020-11-27
424	视源股份	002841.XSHE	5.574070127106538	2021-09-03	90.64095235003977	2021-02-04
425	科达利	002850.XSHE	16.935881839543057	2020-11-02	96.71249400424549	2021-07-13
426	麦格米特	002851.XSHE	10.458862004126232	2021-09-06	90.95315434360174	2021-08-12
427	洁美科技	002859.XSHE	12.889511827152546	2021-09-27	89.1608133851237	2020-10-13
428	周大生	002867.XSHE	14.882156055421234	2021-05-13	88.05025831397502	2021-01-21
429	川恒股份	002895.XSHE	13.036224963055474	2020-11-02	96.08498894796104	2021-06-09
430	大博医疗	002901.XSHE	9.627331547178073	2020-11-27	90.2167728381095	2021-04-26
431	华阳集团	002906.XSHE	7.878787878788003	2020-09-25	93.54948119563116	2020-11-17
432	佛燃能源	002911.XSHE	12.408018351405119	2021-07-28	95.31416660601218	2021-03-24
433	奥士康	002913.XSHE	16.135497180532	2021-01-08	92.36822449484261	2021-07-27
434	深南电路	002916.XSHE	13.155700357930542	2021-08-18	87.35068474847685	2021-06-25
435	德赛西威	002920.XSHE	14.351091496319043	2021-02-26	92.18620121401678	2021-01-20
436	盈趣科技	002925.XSHE	7.377764400521059	2021-09-01	85.5392408337453	2021-01-21
437	华西证券	002926.XSHE	6.521047576812492	2021-02-04	87.87615403828079	2021-08-18
438	华夏航空	002928.XSHE	10.001141481115354	2021-07-30	85.7612297619755	2021-01-05
439	郑州银行	002936.XSHE	8.158775013708222	2021-07-27	93.54130182053056	2020-12-03
440	鹏鼎控股	002938.XSHE	9.430039747084052	2021-01-29	83.92922946432083	2021-07-21
441	长城证券	002939.XSHE	6.9737731249389725	2021-05-10	96.03059149899207	2021-08-20
442	华林证券	002945.XSHE	8.051933259211225	2021-04-13	91.55116695645006	2020-12-02
443	新乳业	002946.XSHE	15.172945216884727	2021-05-10	84.0049601504841	2021-01-06
444	青岛银行	002948.XSHE	12.532591951048659	2021-07-27	97.54911940643312	2020-12-03
445	青农商行	002958.XSHE	11.567718507420906	2020-11-02	86.10008941584196	2020-12-01
446	瑞达期货	002961.XSHE	10.89004112388102	2020-12-28	93.04663526000458	2021-09-07
447	苏州银行	002966.XSHE	8.129413890994101	2021-08-06	87.72416911228838	2021-06-04
448	广电计量	002967.XSHE	16.676932011097293	2021-09-16	93.81051256672268	2021-01-04
449	安宁股份	002978.XSHE	13.447078257215551	2021-07-28	94.62437817152535	2020-11-18
450	森麒麟	002984.XSHE	5.203996669442063	2020-09-28	91.03143225892339	2021-02-04
451	北摩高科	002985.XSHE	13.846152964665592	2021-03-09	89.29156880039353	2021-07-26
452	中国广核	003816.XSHE	5.132111236105956	2020-11-02	96.33342157845559	2021-09-09
453	特锐德	300001.XSHE	7.604562737642624	2020-09-28	87.85250519548933	2021-01-12
454	神州泰岳	300002.XSHE	10.489510489510494	2020-09-28	86.55777591121189	2021-06-11
455	乐普医疗	300003.XSHE	11.898635142759304	2021-07-29	85.33901592601654	2021-04-28
456	安科生物	300009.XSHE	17.4730710450459	2021-08-20	92.62502831496745	2021-04-13
457	华测检测	300012.XSHE	11.10149718217356	2021-03-02	88.66205761071606	2020-10-12
458	亿纬锂能	300014.XSHE	20.231820278365106	2021-03-08	88.70858353024187	2020-11-13
459	网宿科技	300017.XSHE	5.988175235586155	2020-12-11	84.4126964573359	2021-06-10
460	机器人	300024.XSHE	10.26622320262149	2021-02-05	90.43247214783011	2021-08-02
461	红日药业	300026.XSHE	12.062033862991214	2020-12-11	87.71950876867447	2021-08-04
462	同花顺	300033.XSHE	10.77383504704207	2021-05-13	90.68722411798151	2021-08-18
463	钢研高纳	300034.XSHE	12.836438723563234	2021-03-09	86.16268697965113	2020-12-21
464	中科电气	300035.XSHE	13.009049773755677	2020-09-28	94.77829007567836	2021-06-04
465	超图软件	300036.XSHE	10.468180440657179	2020-12-11	96.36993924965108	2021-06-01
466	新宙邦	300037.XSHE	3.3898305084745033	2020-09-25	96.52162951791648	2021-07-13
467	鼎龙股份	300054.XSHE	16.40845147604543	2021-02-26	90.3622226442939	2021-01-18
468	万邦达	300055.XSHE	11.412982171046394	2020-12-11	95.04475898164492	2021-06-21
469	蓝色光标	300058.XSHE	9.450402627677448	2020-12-11	90.77234859893106	2021-09-08
470	碧水源	300070.XSHE	10.151363935495425	2021-07-28	85.63373616137088	2021-09-02
471	三聚环保	300072.XSHE	8.484415201918452	2020-12-11	86.05089458455896	2021-08-16
472	当升科技	300073.XSHE	19.493551490797486	2020-11-26	90.25303490011792	2020-10-13
473	国民技术	300077.XSHE	8.101174353899651	2021-02-08	96.49141990768504	2021-07-22
474	数码视讯	300079.XSHE	11.852448820897564	2021-01-07	96.42093353750431	2021-05-31
475	易成新能	300080.XSHE	12.963797832324516	2021-02-05	85.60680774982445	2021-09-16
476	奥克股份	300082.XSHE	0.8771929824561226	2020-09-28	96.99975428118793	2021-01-07
477	创世纪	300083.XSHE	14.425095149916771	2021-06-16	91.51943021140625	2021-03-01
478	银之杰	300085.XSHE	9.890817770511546	2020-12-16	86.74827393248789	2021-06-21
479	荃银高科	300087.XSHE	10.272840262043559	2021-04-12	91.47650884151348	2020-12-15
480	长信科技	300088.XSHE	11.919009833070803	2021-08-27	81.61967255921704	2021-06-01
481	振芯科技	300101.XSHE	18.76231189560309	2021-09-22	87.35335889302326	2021-05-31
482	长盈精密	300115.XSHE	9.748305576545334	2021-02-08	91.5356921106375	2021-01-06
483	保力新	300116.XSHE	11.880634534240656	2020-12-31	93.71158585522282	2021-07-15
484	东方日升	300118.XSHE	10.710157430442436	2021-02-08	94.89164372485324	2020-12-21
485	瑞普生物	300119.XSHE	8.13527251113841	2021-07-28	91.41746827896714	2021-02-03
486	汇川技术	300124.XSHE	18.17540014775257	2021-09-22	91.92650124541002	2020-11-05
487	华策影视	300133.XSHE	9.329162624802635	2020-12-09	90.05524146258446	2021-09-08
488	信维通信	300136.XSHE	8.684875982028743	2021-08-31	81.53209303178052	2021-06-01
489	沃森生物	300142.XSHE	17.531104210409993	2020-12-10	92.98189146727061	2021-04-27
490	宋城演艺	300144.XSHE	12.093320915928402	2021-08-02	91.53822436474225	2021-03-02
491	汤臣倍健	300146.XSHE	12.284848219343857	2021-07-08	91.74091727024413	2021-03-08
492	昌红科技	300151.XSHE	11.387163561076576	2020-09-28	91.34520138746137	2021-01-22
493	东方国信	300166.XSHE	4.087193460490397	2020-09-28	92.48866273983275	2021-06-10
494	万达信息	300168.XSHE	5.903725666563588	2021-03-19	78.43583071104399	2021-06-11
495	东富龙	300171.XSHE	18.824404915140974	2021-09-14	95.50799212893729	2021-04-23
496	捷成股份	300182.XSHE	8.315517924498295	2020-12-29	85.60288309747231	2021-06-18
497	东软载波	300183.XSHE	13.79261067355202	2021-01-27	94.92291301720932	2021-08-06
498	通裕重工	300185.XSHE	14.316786258359897	2021-01-14	88.61371909583393	2021-07-22
499	美亚柏科	300188.XSHE	11.519680484305837	2021-02-08	93.04629248257183	2020-10-21
500	欣旺达	300207.XSHE	10.14211259456529	2021-03-16	92.36366407111632	2021-06-04
501	易华录	300212.XSHE	11.32021983035682	2020-11-26	91.27203790401956	2021-08-11
502	北京君正	300223.XSHE	8.330391347174256	2021-02-05	95.7663181389761	2021-07-29
503	上海钢联	300226.XSHE	11.502716895711714	2021-07-28	87.18910170964703	2021-03-23
504	金城医药	300233.XSHE	9.248554913294726	2020-09-28	94.58869070567114	2021-07-15
505	上海新阳	300236.XSHE	11.413944208227605	2020-10-29	88.23377121925068	2021-06-21
506	迪安诊断	300244.XSHE	15.878048037078699	2021-07-27	87.26472476376506	2021-01-11
507	光线传媒	300251.XSHE	11.455922418527436	2021-06-29	83.37951413910781	2021-09-08
508	卫宁健康	300253.XSHE	13.514456720872488	2020-11-02	84.8421980037484	2021-02-19
509	开山股份	300257.XSHE	16.02786243275402	2020-11-30	87.10509449414697	2021-02-22
510	国瓷材料	300285.XSHE	13.663367672954777	2021-03-09	88.42374306488136	2020-10-15
511	博雅生物	300294.XSHE	4.731602842244413	2021-02-04	92.17594111839647	2021-04-30
512	利亚德	300296.XSHE	15.810276679841905	2020-09-28	87.82847122477409	2021-04-07
513	三诺生物	300298.XSHE	8.91551455296036	2021-09-27	88.10372937848187	2020-10-14
514	中际旭创	300308.XSHE	8.297182377726813	2021-03-09	90.66235726899063	2021-05-27
515	掌趣科技	300315.XSHE	5.025581511071152	2021-04-30	89.921199675831	2021-09-08
516	晶盛机电	300316.XSHE	9.63844137544433	2021-03-09	90.52436941281633	2021-08-31
517	麦捷科技	300319.XSHE	9.154929577464728	2020-09-28	98.58756689082117	2021-06-15
518	华灿光电	300323.XSHE	14.094764286078231	2021-03-24	89.10195376229203	2020-11-09
519	中颖电子	300327.XSHE	22.983244797370148	2021-03-10	96.9399328822934	2021-06-30
520	润和软件	300339.XSHE	10.917669334206224	2021-02-05	94.55560820860394	2021-06-11
521	联创股份	300343.XSHE	17.537244658288643	2021-04-23	94.8147290351199	2021-07-13
522	南大光电	300346.XSHE	11.704033574996515	2021-02-08	96.06147700716922	2021-07-30
523	泰格医药	300347.XSHE	15.8582408821771	2021-02-26	95.97262427143345	2020-10-16
524	长亮科技	300348.XSHE	11.898971886051982	2021-07-28	86.52927504278173	2021-04-22
525	我武生物	300357.XSHE	5.28760141852878	2021-03-09	90.85501239277501	2021-01-26
526	楚天科技	300358.XSHE	11.158043174819682	2021-09-16	95.30220925689798	2021-04-26
527	博腾股份	300363.XSHE	15.17058545109704	2020-11-19	87.63983350895683	2021-06-21
528	绿盟科技	300369.XSHE	10.609195096218258	2020-11-02	89.03770687310396	2021-07-15
529	扬杰科技	300373.XSHE	17.48677611831357	2021-02-03	90.86152451486674	2021-06-25
530	易事特	300376.XSHE	4.797806716929415	2020-09-28	87.80581375701075	2021-07-20
531	东方通	300379.XSHE	0.0	2020-09-25	88.7882379291527	2020-12-07
532	斯莱克	300382.XSHE	15.546644684857938	2021-01-14	95.53073715711207	2021-07-26
533	光环新网	300383.XSHE	6.575389507446346	2021-04-28	79.2113968654519	2021-06-10
534	天华超净	300390.XSHE	12.266928361138369	2020-09-28	96.55682196875286	2021-06-07
535	中来股份	300393.XSHE	8.433734939759063	2020-09-22	91.05408896135786	2021-06-30
536	菲利华	300395.XSHE	11.310711608430054	2021-02-05	88.17709314549646	2020-12-14
537	三环集团	300408.XSHE	12.011297893602745	2021-09-02	92.62584536519068	2020-10-12
538	道氏技术	300409.XSHE	9.207365892714122	2020-09-28	96.73772523232672	2021-06-28
539	芒果超媒	300413.XSHE	11.750452925656958	2021-02-26	86.7679852487819	2021-01-22
540	昆仑万维	300418.XSHE	13.25303637210176	2021-05-10	92.62218565431074	2021-09-08
541	立中集团	300428.XSHE	14.863258026159272	2020-09-28	87.90986912898265	2020-11-09
542	富临精工	300432.XSHE	9.95260663507112	2020-09-25	96.95232496487776	2021-07-08
543	蓝思科技	300433.XSHE	9.076752392054374	2021-03-24	90.36661321713544	2021-01-14
544	鹏辉能源	300438.XSHE	15.014234037641245	2021-03-16	95.11130707776253	2021-06-02
545	金雷股份	300443.XSHE	6.762637031737654	2021-05-11	94.55483109437358	2020-09-23
546	先导智能	300450.XSHE	7.9919502708066545	2021-03-09	92.19975359986634	2020-11-05
547	创业慧康	300451.XSHE	12.744775238995302	2020-10-23	81.32279129947196	2021-06-11
548	深信服	300454.XSHE	10.874194726625234	2021-03-09	84.11577930721292	2021-01-05
549	赛微电子	300456.XSHE	12.614678899082634	2020-09-25	91.4922864280605	2021-06-15
550	赢合科技	300457.XSHE	10.146658192611241	2021-03-11	90.87678594168467	2021-05-31
551	全志科技	300458.XSHE	17.145245057130467	2020-12-30	94.68548692608181	2021-04-06
552	汤姆猫	300459.XSHE	12.68523433776771	2020-12-22	96.34666539764501	2021-09-13
553	迈克生物	300463.XSHE	10.757910092723833	2021-09-02	88.07296911152537	2020-10-13
554	景嘉微	300474.XSHE	11.73999011369257	2020-09-28	92.38981483915524	2021-01-07
555	胜宏科技	300476.XSHE	11.842105263157876	2020-09-25	87.62788450561126	2021-07-29
556	合纵科技	300477.XSHE	11.589403973509945	2020-09-28	93.53127677831897	2021-07-23
557	万孚生物	300482.XSHE	11.791234119518535	2021-08-20	95.50313478933684	2020-12-22
558	蓝晓科技	300487.XSHE	18.58685351505116	2020-10-15	92.55315919474965	2021-05-06
559	中科创达	300496.XSHE	12.424989070206394	2021-03-09	90.21660475154928	2020-12-22
560	富祥药业	300497.XSHE	7.873812878390183	2020-11-02	94.10840342839573	2021-09-02
561	温氏股份	300498.XSHE	4.9586880717947395	2021-04-27	80.09817914821669	2021-02-22
562	新易盛	300502.XSHE	13.201026446506631	2021-05-10	92.70576831890921	2021-08-02
563	健帆生物	300529.XSHE	10.592617250855298	2021-08-06	90.10780850382557	2021-04-09
564	贝达药业	300558.XSHE	11.66161064677209	2021-03-15	94.02781176418351	2021-01-22
565	精测电子	300567.XSHE	10.411209413500885	2020-11-02	88.33072456540613	2021-01-18
566	星源材质	300568.XSHE	13.052208835341276	2020-09-28	97.80529849560851	2021-05-31
567	兴齐眼药	300573.XSHE	7.556808335976996	2021-07-28	93.49098356068627	2021-04-21
568	天铁股份	300587.XSHE	0.0	2020-09-25	96.55934152437396	2021-06-23
569	新雷能	300593.XSHE	25.035543372925076	2021-09-27	88.57163273046412	2021-05-31
570	欧普康视	300595.XSHE	12.626889272448238	2021-09-03	93.86969409263715	2021-01-05
571	诚迈科技	300598.XSHE	6.294883421690145	2021-02-08	92.85593688579867	2021-06-11
572	康泰生物	300601.XSHE	12.272887170230817	2020-11-27	90.56005753579126	2021-05-06
573	长川科技	300604.XSHE	2.7901785714285126	2020-09-28	94.41909810154192	2021-07-09
574	富瀚微	300613.XSHE	14.441264363549209	2021-05-07	90.60062674948716	2021-06-23
575	寒锐钴业	300618.XSHE	0.0	2020-09-25	90.47744922389074	2021-07-12
576	捷捷微电	300623.XSHE	17.888280686715945	2021-09-02	93.44293857655886	2020-11-12
577	华测导航	300627.XSHE	11.248742701841408	2020-12-09	92.26869542714537	2021-08-19
578	亿联网络	300628.XSHE	18.3225008218418	2021-02-26	87.26960453778787	2020-10-13
579	普利制药	300630.XSHE	3.4557235421165586	2020-09-25	92.6884666858492	2021-05-27
580	开立医疗	300633.XSHE	12.868527647386614	2021-07-28	93.93512381258232	2021-04-29
581	广和通	300638.XSHE	13.585044549848504	2021-09-02	86.56849470350163	2021-06-11
582	晶瑞电材	300655.XSHE	13.566015484494883	2021-02-05	92.84896128580392	2021-08-02
583	中孚信息	300659.XSHE	7.933536297447162	2021-05-10	93.36074388120255	2021-04-06
584	圣邦股份	300661.XSHE	16.51183679848674	2021-03-24	91.77651012950723	2020-11-09
585	科锐国际	300662.XSHE	11.467473566067468	2021-06-16	87.27674008244871	2021-05-28
586	富满电子	300671.XSHE	9.10477670993302	2021-02-05	96.95336080484012	2021-06-30
587	国科微	300672.XSHE	7.296887409324597	2020-12-18	98.67313887899776	2021-05-06
588	宇信科技	300674.XSHE	11.69388798474408	2021-07-28	80.59743890822165	2020-12-07
589	华大基因	300676.XSHE	10.640651834372235	2021-09-28	88.26685047304075	2021-01-14
590	英科医疗	300677.XSHE	10.621526605792283	2021-03-25	92.63520331997354	2021-01-14
591	电连技术	300679.XSHE	11.751230638575052	2020-12-14	94.37862888399837	2021-07-13
592	朗新科技	300682.XSHE	12.374161073825505	2020-09-28	90.5783668808956	2021-03-09
593	艾德生物	300685.XSHE	10.925327796841259	2020-11-26	87.38476624812444	2021-04-22
594	爱乐达	300696.XSHE	15.113255391782204	2021-02-08	87.20125724822657	2021-01-08
595	光威复材	300699.XSHE	11.137805961615243	2021-03-09	89.7730780970925	2021-01-08
596	天宇股份	300702.XSHE	7.783221864872388	2021-04-12	90.7698022977482	2021-02-23
597	聚灿光电	300708.XSHE	0.5911097099621117	2020-09-29	91.92783266318497	2021-06-21
598	捷佳伟创	300724.XSHE	17.75152076496397	2021-05-13	96.06767346159023	2021-07-23
599	药石科技	300725.XSHE	14.471113760636072	2021-03-09	89.14921405364001	2021-02-10
600	宏达电子	300726.XSHE	16.579728574183804	2021-09-17	91.94729602571124	2020-12-08
601	科顺股份	300737.XSHE	13.693255071058232	2020-11-26	95.23811060952318	2021-04-26
602	华宝股份	300741.XSHE	14.512700638696217	2021-07-28	87.77641641983269	2021-05-24
603	锐科激光	300747.XSHE	7.406508013598824	2020-09-28	90.77532263629426	2021-05-06
604	金力永磁	300748.XSHE	16.488669366405674	2021-09-27	92.03748488213891	2021-06-30
605	迈为股份	300751.XSHE	17.604166666666643	2020-09-28	90.98501577905509	2020-12-14
606	华致酒行	300755.XSHE	14.125516998966717	2021-07-27	93.97674139437457	2021-04-22
607	康龙化成	300759.XSHE	12.077931234745492	2021-03-08	92.96945980412931	2021-01-05
608	立华股份	300761.XSHE	6.309148264984103	2020-09-28	83.09377785518565	2021-02-24
609	上海瀚讯	300762.XSHE	13.255930486210474	2021-03-10	87.02153354139361	2021-01-05
610	锦浪科技	300763.XSHE	12.766422294886738	2021-03-09	94.06251821446544	2021-04-30
611	震安科技	300767.XSHE	12.891288436837598	2021-03-09	94.02659697478428	2021-01-19
612	迪普科技	300768.XSHE	10.411546666179476	2020-11-30	89.07080116707029	2021-07-12
613	德方纳米	300769.XSHE	11.518099871226212	2020-09-28	94.48958377722626	2020-11-24
614	新媒股份	300770.XSHE	7.926190932818756	2020-11-27	83.99961133157676	2021-05-21
615	运达股份	300772.XSHE	14.063273433262097	2021-03-10	97.15224040143548	2021-07-22
616	拉卡拉	300773.XSHE	8.471566061581171	2021-07-26	78.90404396853069	2021-03-02
617	三角防务	300775.XSHE	6.5814617980651064	2021-02-08	90.94048570976668	2021-06-01
618	帝尔激光	300776.XSHE	5.267778753292319	2020-09-25	89.2368844290789	2021-06-02
619	中简科技	300777.XSHE	11.93549562811198	2021-03-10	92.69065362013367	2021-05-31
620	卓胜微	300782.XSHE	18.866852680570446	2021-07-13	95.07817236780917	2020-11-09
621	三只松鼠	300783.XSHE	7.528850965601762	2020-12-28	95.65180408496401	2021-04-22
622	壹网壹创	300792.XSHE	7.018088162811637	2020-11-30	91.73150617987918	2020-10-19
623	指南针	300803.XSHE	8.24449038327073	2020-11-02	90.48770111878144	2021-06-25
624	斯迪克	300806.XSHE	12.112600839179237	2020-10-19	90.94680487800467	2021-07-22
625	玉禾田	300815.XSHE	8.293826220896818	2021-07-27	83.00329933962072	2021-06-01
626	东岳硅材	300821.XSHE	12.07243460764586	2020-09-28	92.50346389569847	2021-08-26
627	上能电气	300827.XSHE	15.728136236334649	2021-02-08	97.8495604417276	2021-08-10
628	新产业	300832.XSHE	13.683508341117047	2021-02-05	94.02993189630357	2020-10-14
629	康华生物	300841.XSHE	11.408667983216233	2021-07-26	86.61668431984442	2021-01-05
630	新强联	300850.XSHE	18.519832995272154	2021-05-11	92.78661202361903	2020-10-15
631	美畅股份	300861.XSHE	15.838045673428141	2020-12-09	87.9249817291212	2021-06-01
632	安克创新	300866.XSHE	12.409839340521344	2021-07-19	87.96781397250331	2020-11-05
633	康泰医学	300869.XSHE	3.8094078762400017	2021-08-31	84.50926491684731	2020-10-14
634	稳健医疗	300888.XSHE	4.5395379675767344	2021-07-27	90.579582458428	2020-12-22
635	白云机场	600004.XSHG	1.739405157262354	2021-08-02	93.63077234037519	2020-11-18
636	东风汽车	600006.XSHG	12.903225806451644	2020-09-25	94.70598616481489	2020-12-23
637	中国国贸	600007.XSHG	11.099047003349014	2020-12-24	99.09568553392216	2021-05-14
638	首创环保	600008.XSHG	0.0	2020-09-17	90.9568800651182	2021-09-02
639	上海机场	600009.XSHG	5.272375726469349	2021-08-02	92.38629027871474	2020-11-18
640	包钢股份	600010.XSHG	18.95227054787388	2020-11-02	96.67661654982297	2021-03-04
641	华能国际	600011.XSHG	7.151163434746778	2021-02-04	96.7297794234107	2021-09-06
642	皖通高速	600012.XSHG	14.349374742334305	2020-12-24	97.09255424188639	2021-09-09
643	华夏银行	600015.XSHG	8.673320037318547	2021-07-30	87.33046227804911	2021-02-05
644	民生银行	600016.XSHG	4.030487792745433	2021-07-14	82.25013312401029	2021-09-10
645	上港集团	600018.XSHG	17.58900110717218	2020-12-11	94.29055790142984	2021-07-07
646	上海电力	600021.XSHG	5.610439046640707	2020-11-02	98.31482616922554	2021-09-09
647	山东钢铁	600022.XSHG	0.0	2020-09-25	92.27056849559754	2021-04-12
648	浙能电力	600023.XSHG	6.981907681180232	2021-07-20	97.27501055519453	2021-09-09
649	华能水电	600025.XSHG	14.667919379581122	2021-07-23	96.36186435925252	2021-09-08
650	中远海能	600026.XSHG	7.139873378765515	2021-07-30	93.34398202417366	2021-09-13
651	华电国际	600027.XSHG	8.32609427259321	2021-02-04	96.43900668685717	2021-09-06
652	南方航空	600029.XSHG	2.469135802469083	2020-09-25	90.14881210576793	2021-09-09
653	歌华有线	600037.XSHG	10.57960565499505	2020-09-30	92.38310598128125	2021-04-16
654	中直股份	600038.XSHG	9.489535481633325	2021-03-10	91.07456850934908	2021-01-07
655	四川路桥	600039.XSHG	9.329549732187346	2020-12-14	96.88698314160128	2021-03-22
656	保利发展	600048.XSHG	6.788065078454764	2021-07-27	88.03326866336828	2021-02-25
657	中国联通	600050.XSHG	12.221479018756582	2020-12-16	83.84631215839484	2021-06-11
658	万东医疗	600055.XSHG	13.676383664470961	2020-11-02	96.24429657885972	2021-07-16
659	中国医药	600056.XSHG	5.9350812052185375	2021-07-30	89.09712909704669	2021-09-09
660	厦门象屿	600057.XSHG	11.105554210946494	2021-01-13	97.22316196738241	2021-07-15
661	五矿发展	600058.XSHG	12.885478846184753	2020-10-30	92.57980012873074	2021-08-31
662	古越龙山	600059.XSHG	14.851485148515081	2020-09-28	92.32380319143783	2020-12-22
663	海信视像	600060.XSHG	5.878749104209746	2021-08-31	95.54108862326979	2021-06-24
664	国投资本	600061.XSHG	13.22328925905326	2021-02-05	96.38554216867477	2020-09-25
665	华润双鹤	600062.XSHG	13.464172556174475	2020-12-09	92.10620469694699	2021-09-09
666	皖维高新	600063.XSHG	18.503446384267704	2021-09-28	97.57966660844042	2021-09-07
667	南京高科	600064.XSHG	5.590945625192489	2021-07-30	80.55529328242314	2021-08-18
668	宇通客车	600066.XSHG	13.987590324149508	2021-07-26	83.17050832918189	2021-02-19
669	新疆天业	600075.XSHG	15.684416880176784	2020-11-02	89.61559958506092	2021-02-23
670	人福医药	600079.XSHG	7.263193950482091	2021-09-22	88.45243402072491	2021-04-15
671	同仁堂	600085.XSHG	12.867542165844014	2020-12-03	94.95815013722107	2021-04-01
672	特变电工	600089.XSHG	17.031627624799583	2020-12-14	97.84528221814291	2021-09-03
673	湘财股份	600095.XSHG	9.248849371672819	2020-10-30	94.10850745908947	2021-05-20
674	云天化	600096.XSHG	19.911504424778713	2020-09-28	93.21303406930029	2021-06-11
675	广州发展	600098.XSHG	15.799783620849198	2021-02-05	96.9986888801169	2020-12-16
676	同方股份	600100.XSHG	7.732564420415599	2020-12-14	83.29089959712323	2021-08-12
677	国金证券	600109.XSHG	11.584115423550557	2021-02-08	84.7962974709553	2020-11-09
678	诺德股份	600110.XSHG	9.090909090908937	2020-09-25	93.83681177414289	2021-07-08
679	北方稀土	600111.XSHG	10.508974339284109	2020-11-02	96.27207259867224	2021-07-13
680	中国东航	600115.XSHG	0.0	2020-09-25	91.41540728030995	2021-09-09
681	三峡水利	600116.XSHG	8.048397693775996	2020-11-02	88.27566913608837	2021-08-09
682	中国卫星	600118.XSHG	9.304527916640254	2020-11-02	85.55441933432928	2020-11-23
683	浙江东方	600120.XSHG	5.045774716415494	2021-07-27	90.45643278367598	2021-04-16
684	兰花科创	600123.XSHG	16.79286698335703	2021-02-05	88.29817745706114	2021-09-02
685	杭钢股份	600126.XSHG	8.467809840163042	2020-12-16	94.49899949854971	2021-08-30
686	国网信通	600131.XSHG	5.177339229773878	2020-12-17	89.50095295084716	2021-08-12
687	重庆啤酒	600132.XSHG	7.419427155437319	2021-03-09	91.93283626902357	2021-04-23
688	兴发集团	600141.XSHG	20.697618387764294	2020-12-16	95.70113624546592	2021-07-16
689	金发科技	600143.XSHG	13.759722434651508	2021-08-31	95.84265584564959	2021-01-14
690	中国船舶	600150.XSHG	7.648144680747421	2021-02-04	96.23711025598978	2021-08-27
691	航天机电	600151.XSHG	16.60652329327816	2021-01-29	91.83486520396909	2021-05-18
692	建发股份	600153.XSHG	14.179857913667064	2021-07-30	95.41287208942877	2021-09-06
693	华创阳安	600155.XSHG	11.872922505177286	2021-05-10	91.13676957223454	2020-12-02
694	永泰能源	600157.XSHG	12.1097091155995	2020-10-09	93.85533862136663	2020-11-16
695	中体产业	600158.XSHG	17.94422945365939	2021-08-02	88.13671164786572	2021-09-09
696	巨化股份	600160.XSHG	5.859375000000043	2020-09-14	94.05969223818045	2020-11-24
697	天坛生物	600161.XSHG	9.674484211155047	2021-03-15	89.39486606674393	2021-07-06
698	中闽能源	600163.XSHG	12.542983443724609	2020-11-02	98.85484443139677	2021-09-08
699	福田汽车	600166.XSHG	0.0	2020-09-25	89.58707413217077	2021-09-03
700	联美控股	600167.XSHG	9.306961728812155	2020-12-16	87.72224991936774	2020-10-21
701	太原重工	600169.XSHG	10.674833286265098	2020-11-02	91.13003361600617	2021-03-09
702	上海建工	600170.XSHG	2.9298670058644802	2021-02-04	97.51589551112629	2021-09-09
703	上海贝岭	600171.XSHG	11.711037781561458	2020-11-02	88.98039040438631	2021-06-08
704	黄河旋风	600172.XSHG	5.7420202961607885	2021-02-08	91.2022077904123	2021-05-12
705	中国巨石	600176.XSHG	14.780977412204734	2020-10-29	86.92898399634697	2021-01-07
706	雅戈尔	600177.XSHG	10.526458401272777	2021-07-21	94.57280915731005	2021-09-13
707	安通控股	600179.XSHG	8.01417169033985	2021-07-27	94.64356537123298	2021-09-17
708	生益科技	600183.XSHG	12.254586239348924	2021-09-03	91.34339575859129	2021-08-02
709	格力地产	600185.XSHG	7.631421899827529	2020-12-11	88.08612425318975	2021-04-21
710	兖州煤业	600188.XSHG	14.4220688572655	2021-01-29	92.81464917328383	2021-08-31
711	中牧股份	600195.XSHG	6.8241727245415404	2021-07-28	86.82135546039392	2021-09-15
712	复星医药	600196.XSHG	8.302161392100714	2021-03-10	93.33042068054485	2021-04-30
713	伊力特	600197.XSHG	9.074410163339365	2020-09-28	92.66590570117276	2021-04-19
714	金种子酒	600199.XSHG	16.666666666666742	2020-09-25	96.60624587435126	2020-12-23
715	生物股份	600201.XSHG	7.123390377636184	2021-06-21	89.32864153962213	2021-04-22
716	有研新材	600206.XSHG	14.277648020542216	2021-02-05	85.08353138103365	2021-05-31
717	新湖中宝	600208.XSHG	8.707171369089124	2021-07-28	91.47547323041623	2021-08-31
718	紫江企业	600210.XSHG	18.334921193406515	2020-12-14	99.12186119302864	2021-07-22
719	西藏药业	600211.XSHG	7.782718097481705	2021-08-31	96.6269841269841	2020-09-25
720	浙江医药	600216.XSHG	14.484394380639031	2021-06-15	94.51872490985583	2021-07-22
721	南山铝业	600219.XSHG	16.019040957784938	2021-09-27	95.77434610450095	2020-11-16
722	鲁商发展	600223.XSHG	10.929525652319654	2021-07-27	90.49421181091746	2021-02-01
723	圆通速递	600233.XSHG	4.5345232788489795	2021-04-13	91.98989254009281	2021-09-06
724	桂冠电力	600236.XSHG	5.714285714285822	2020-09-25	97.17965472782352	2021-09-08
725	万通发展	600246.XSHG	0.0	2020-09-24	90.51338399923212	2021-08-27
726	陕西建工	600248.XSHG	18.568969636309276	2021-01-29	88.9426873071437	2021-05-24
727	中恒集团	600252.XSHG	7.261393184031348	2021-01-13	93.91950537152785	2021-06-29
728	广汇能源	600256.XSHG	8.451656524678882	2020-09-30	95.2534156900629	2021-09-13
729	首旅酒店	600258.XSHG	5.54016620498615	2020-09-28	96.72634428442935	2020-11-18
730	广晟有色	600259.XSHG	18.048961911220985	2020-09-30	93.39739281813476	2021-07-12
731	城建发展	600266.XSHG	5.5733536171437805	2021-07-29	95.71838794944578	2021-09-06
732	海正药业	600267.XSHG	9.860249529008968	2021-07-28	87.29648315732172	2021-06-30
733	航天信息	600271.XSHG	5.740420155359217	2021-02-08	84.70036201103115	2021-04-06
734	嘉化能源	600273.XSHG	0.0	2020-09-25	94.38799203854744	2021-08-16
735	亿利洁能	600277.XSHG	8.129477315999793	2021-01-11	92.03079285588714	2021-08-16
736	南钢股份	600282.XSHG	18.839764763483913	2020-10-30	92.28121499266513	2021-02-22
737	鄂尔多斯	600295.XSHG	20.592112467483176	2021-07-01	97.82569842163558	2021-03-03
738	广汇汽车	600297.XSHG	5.128205128205138	2020-09-25	92.46955721828725	2021-09-09
739	安琪酵母	600298.XSHG	7.60823272977558	2021-08-31	91.24643688718326	2021-01-07
740	安迪苏	600299.XSHG	10.329326113843692	2020-12-24	86.89771219262407	2021-01-21
741	恒顺醋业	600305.XSHG	5.6262379902460395	2021-07-27	93.62074701782868	2021-05-27
742	酒钢宏兴	600307.XSHG	7.771743080641144	2021-02-08	93.1124336855383	2021-05-12
743	平高电气	600312.XSHG	10.70690435885355	2021-04-30	94.55335868161389	2021-07-28
744	上海家化	600315.XSHG	16.886430301679155	2020-12-30	93.00602264763147	2021-04-26
745	洪都航空	600316.XSHG	13.641473287790106	2021-03-10	92.51614837551664	2020-12-28
746	振华重工	600320.XSHG	16.18971711875109	2020-11-02	93.72115759762262	2021-01-05
747	瀚蓝环境	600323.XSHG	9.975486262316124	2020-10-23	85.66974109706047	2021-02-23
748	华发股份	600325.XSHG	11.865664217101127	2020-11-02	87.64249611458675	2021-08-26
749	中盐化工	600328.XSHG	7.167952615482491	2020-10-27	94.63605708999577	2021-07-16
750	中新药业	600329.XSHG	15.85817408122719	2021-09-16	92.03137150127681	2021-07-01
751	天通股份	600330.XSHG	14.004270721339168	2021-03-31	88.27453010383378	2021-07-26
752	白云山	600332.XSHG	17.78389042704147	2021-04-12	95.23864599200434	2021-07-02
753	西藏珠峰	600338.XSHG	17.211895759620532	2021-06-16	95.72613782981182	2021-07-23
754	中油工程	600339.XSHG	9.116150441482361	2021-01-27	95.64216183505457	2021-09-09
755	华夏幸福	600340.XSHG	3.171341223630236	2020-09-14	79.8885972440653	2021-07-08
756	恒力石化	600346.XSHG	13.40106025411032	2021-06-21	92.44371530367715	2021-01-07
757	华阳股份	600348.XSHG	13.820884895873704	2021-02-05	94.03590272822872	2021-07-26
758	山东高速	600350.XSHG	7.952739181698476	2021-05-31	88.29603526845118	2020-12-01
759	浙江龙盛	600352.XSHG	14.408907741316199	2020-12-24	88.30414195382369	2020-10-15
760	江西铜业	600362.XSHG	17.218328844635195	2021-06-21	91.93278188571968	2021-02-23
761	联创光电	600363.XSHG	13.599583886187858	2021-02-08	86.98883285745623	2021-08-11
762	西南证券	600369.XSHG	9.876345570337762	2021-02-05	94.44229858892353	2021-08-23
763	三房巷	600370.XSHG	6.656034125818593	2020-12-30	99.01065231809515	2021-09-13
764	中航电子	600372.XSHG	14.957091663309654	2021-03-10	88.75025492076703	2021-01-04
765	中文传媒	600373.XSHG	13.56592606804395	2021-01-07	89.24941780315974	2021-09-08
766	首开股份	600376.XSHG	9.789133967884538	2020-11-02	90.71413590899122	2021-04-21
767	宁沪高速	600377.XSHG	6.128870697360327	2020-10-28	91.16680583891747	2021-09-13
768	昊华科技	600378.XSHG	9.8920863309352	2020-09-28	90.00404354214776	2021-07-16
769	健康元	600380.XSHG	9.797724410997589	2021-07-27	88.7384135204534	2021-05-14
770	金地集团	600383.XSHG	10.78318476429547	2021-07-29	88.9615233517072	2021-08-11
771	江山股份	600389.XSHG	12.397647913599045	2020-11-02	89.18202769089486	2021-05-21
772	五矿资本	600390.XSHG	11.195315063485538	2020-11-02	87.71778243216312	2021-09-13
773	盛和资源	600392.XSHG	17.084206210310384	2020-10-28	94.54330510254951	2020-11-18
774	盘江股份	600395.XSHG	19.09818022049707	2021-04-30	90.51286989691187	2021-08-13
775	海澜之家	600398.XSHG	8.333333333333329	2020-09-25	87.66599510242825	2021-03-26
776	抚顺特钢	600399.XSHG	13.301661991713402	2021-09-17	95.76863823264806	2020-11-03
777	国电南瑞	600406.XSHG	21.046721661611258	2021-05-13	88.36425898919188	2020-11-24
778	三友化工	600409.XSHG	15.180919644629327	2021-09-28	89.87918059176386	2020-10-20
779	小商品城	600415.XSHG	6.889326011534749	2021-07-30	91.15099521876616	2021-09-13
780	湘电股份	600416.XSHG	13.032115424121415	2021-07-06	88.4258189786233	2021-01-04
781	江淮汽车	600418.XSHG	0.0	2020-09-25	96.09454424913051	2021-07-23
782	国药现代	600420.XSHG	8.674790544035801	2020-12-29	83.93132916481454	2021-04-30
783	华鲁恒升	600426.XSHG	13.225649932493553	2021-07-28	92.79742703560775	2020-11-10
784	中远海特	600428.XSHG	22.05185804371868	2021-02-08	98.06522146889584	2021-07-05
785	北方导航	600435.XSHG	12.821151586267462	2020-11-02	91.17884359974707	2021-01-05
786	金证股份	600446.XSHG	7.4560518184125755	2021-07-28	81.17001340195708	2021-09-07
787	涪陵电力	600452.XSHG	5.7276225060687125	2020-11-02	93.69404640973966	2021-08-16
788	宝钛股份	600456.XSHG	18.12604021520906	2021-03-10	89.59253222219532	2020-10-13
789	贵研铂业	600459.XSHG	12.562826872348225	2021-09-28	91.51264545999283	2021-05-25
790	士兰微	600460.XSHG	18.50796185229845	2021-09-02	96.92082469193252	2020-12-07
791	科力远	600478.XSHG	13.942191474411459	2021-02-08	89.28022369697807	2021-06-30
792	双良节能	600481.XSHG	13.44075835681376	2021-01-13	93.9263917343225	2021-09-02
793	中国动力	600482.XSHG	11.203646379619741	2021-07-28	88.74217988448213	2021-01-06
794	福能股份	600483.XSHG	14.593157974432458	2020-12-11	96.51535018110133	2021-03-08
795	扬农化工	600486.XSHG	14.937099853720667	2021-03-09	94.06458384520705	2020-11-18
796	亨通光电	600487.XSHG	7.745230569116615	2021-02-04	83.97298466795084	2021-09-09
797	中金黄金	600489.XSHG	16.24955034687035	2020-12-14	93.7456211183969	2021-09-13
798	鹏欣资源	600490.XSHG	15.960935602669181	2020-11-02	95.2130476126362	2021-07-27
799	驰宏锌锗	600497.XSHG	17.66408628253845	2021-09-27	91.77601789082816	2021-07-26
800	烽火通信	600498.XSHG	3.860263909114579	2021-02-05	78.74380119216833	2020-11-09
801	科达制造	600499.XSHG	9.740259740259816	2020-09-28	92.95704437658432	2021-05-06
802	中化国际	600500.XSHG	7.984137280651765	2020-12-16	96.61616236108782	2021-08-31
803	方大特钢	600507.XSHG	9.549183722314112	2020-12-14	96.66990430690538	2020-11-09
804	国药股份	600511.XSHG	13.23309460635123	2021-03-10	92.56667036959286	2020-12-11
805	方大炭素	600516.XSHG	12.765957446808741	2020-09-28	92.26846506532932	2021-08-30
806	国网英大	600517.XSHG	8.25065464394605	2020-12-16	91.25400192506271	2021-03-03
807	华海药业	600521.XSHG	6.280213390127642	2021-04-12	83.7367521436735	2020-12-04
808	中天科技	600522.XSHG	6.032044085326973	2021-07-26	84.1447540514736	2021-05-31
809	中铁工业	600528.XSHG	11.046329650656688	2020-12-28	83.24395149339873	2021-09-02
810	山东药玻	600529.XSHG	10.278028771542111	2021-06-15	81.9233212575161	2021-07-20
811	天士力	600535.XSHG	9.597983786645756	2020-12-11	87.2753547086675	2021-07-01
812	中国软件	600536.XSHG	4.305812628922766	2021-02-08	84.35144508762971	2021-06-10
813	山煤国际	600546.XSHG	7.883402355710601	2020-11-20	95.38492990572108	2021-09-02
814	山东黄金	600547.XSHG	10.122109094197768	2021-04-13	96.00507682134713	2021-09-13
815	深高速	600548.XSHG	9.670323936509362	2021-02-04	98.182658544612	2021-04-01
816	厦门钨业	600549.XSHG	17.517407331398502	2021-09-27	96.58444613891666	2021-07-12
817	天下秀	600556.XSHG	5.98602700716323	2021-07-30	84.33073497234184	2021-04-20
818	老白干酒	600559.XSHG	10.679611650485555	2020-09-25	91.7254550006463	2021-06-01
819	国睿科技	600562.XSHG	12.09668648555278	2021-02-08	91.67402302070636	2021-08-26
820	法拉电子	600563.XSHG	17.803597834316506	2020-11-30	94.42526190375608	2020-10-15
821	济川药业	600566.XSHG	10.663439804703884	2021-07-27	81.45250773499919	2021-09-01
822	山鹰国际	600567.XSHG	12.39016997026306	2020-12-24	96.16991891924928	2021-02-24
823	安阳钢铁	600569.XSHG	17.053206002728558	2020-09-30	96.0142685827604	2021-04-13
824	恒生电子	600570.XSHG	12.098589569826672	2021-07-28	89.09167393282368	2020-12-10
825	康恩贝	600572.XSHG	8.902565368720701	2020-11-02	91.42010093823905	2021-05-18
826	淮河能源	600575.XSHG	13.842448844117115	2021-07-29	95.54294250402187	2021-09-13
827	精达股份	600577.XSHG	9.248108552214703	2021-01-29	94.08132167980148	2021-07-12
828	京能电力	600578.XSHG	12.764505595851247	2021-07-21	96.58888923480639	2021-09-08
829	卧龙电驱	600580.XSHG	4.878048780487845	2020-09-25	84.85255228604993	2021-06-08
830	八一钢铁	600581.XSHG	19.893700704729937	2021-01-29	89.13618601809145	2021-07-19
831	天地科技	600582.XSHG	7.618933838049443	2021-02-04	92.51992903567819	2021-06-23
832	海油工程	600583.XSHG	4.384199419719167	2020-11-02	90.22708889457277	2021-09-09
833	长电科技	600584.XSHG	13.950546314883496	2021-03-10	92.71397944213999	2020-11-09
834	金晶科技	600586.XSHG	7.5757575757576205	2020-09-29	92.96853673129885	2021-06-29
835	新华医疗	600587.XSHG	10.770903886485812	2021-02-04	93.29730560276808	2021-04-22
836	用友网络	600588.XSHG	15.571825464198753	2021-03-08	85.80337283189738	2020-11-09
837	新安股份	600596.XSHG	15.964159756071169	2020-12-29	98.88346139213114	2020-11-19
838	光明乳业	600597.XSHG	13.374824962025386	2021-07-27	87.52512978019729	2021-09-27
839	北大荒	600598.XSHG	15.681997320800463	2021-01-29	86.55941477303121	2021-05-12
840	青岛啤酒	600600.XSHG	10.457218159479439	2021-07-30	92.84924659442244	2020-12-14
841	市北高新	600604.XSHG	6.8441764745806495	2021-02-08	87.43046830271925	2021-06-03
842	绿地控股	600606.XSHG	5.873744158561834	2021-07-30	81.1596848081389	2021-09-13
843	中毅达	600610.XSHG	10.931212257844678	2020-10-26	97.14009532199186	2021-04-12
844	老凤祥	600612.XSHG	11.658132242889394	2021-07-27	85.0247444369905	2021-02-22
845	氯碱化工	600618.XSHG	14.857757644911572	2020-12-15	93.48973467625838	2021-09-13
846	华鑫股份	600621.XSHG	9.059531121320589	2021-04-13	80.48595538935989	2020-12-02
847	华谊集团	600623.XSHG	17.313838179498646	2020-11-02	92.7745691808866	2021-02-25
848	大众公用	600635.XSHG	5.481378204717586	2021-02-04	90.71259262074011	2021-09-07
849	东方明珠	600637.XSHG	12.033602011937987	2020-10-30	91.14473127060307	2021-09-09
850	浦东金桥	600639.XSHG	9.836238506415498	2021-02-08	93.41213107116698	2021-06-03
851	万业企业	600641.XSHG	13.706453480726495	2021-03-10	91.54865276235742	2021-07-26
852	申能股份	600642.XSHG	10.090591316360118	2020-12-15	94.93246343165595	2021-03-12
853	爱建集团	600643.XSHG	13.342913804176504	2021-01-07	96.68093000319703	2021-09-10
854	中源协和	600645.XSHG	14.758068960568352	2020-12-11	85.34473804122148	2021-04-21
855	外高桥	600648.XSHG	15.999999999999858	2020-09-25	96.23532058532905	2021-06-03
856	城投控股	600649.XSHG	4.453831481016508	2021-08-10	89.653915580135	2021-09-13
857	豫园股份	600655.XSHG	9.351692066858789	2020-12-28	96.3266019549735	2021-01-08
858	信达地产	600657.XSHG	11.891062089271955	2021-01-07	83.9648279245774	2021-08-27
859	福耀玻璃	600660.XSHG	7.206341580590916	2020-09-29	94.58896151789274	2021-01-11
860	强生控股	600662.XSHG	11.54948627010279	2020-11-04	85.35201042018294	2021-04-23
861	陆家嘴	600663.XSHG	7.399067790048974	2020-12-28	97.70748153317433	2021-06-04
862	太极实业	600667.XSHG	11.827930749321268	2021-02-05	79.79496269205151	2021-06-07
863	东阳光	600673.XSHG	4.149377593361081	2020-09-28	96.88746655154303	2021-09-03
864	川投能源	600674.XSHG	11.17715732370607	2021-07-27	91.29867302212574	2021-09-08
865	中华企业	600675.XSHG	7.487028226098445	2021-01-07	95.74538737276278	2021-09-08
866	南京新百	600682.XSHG	9.43377187485504	2021-01-14	92.15340462567714	2021-05-12
867	中船防务	600685.XSHG	7.546828509595102	2021-05-07	90.98622884419733	2021-01-08
868	上海石化	600688.XSHG	10.673270645771424	2021-07-30	98.77671836666764	2021-09-07
869	阳煤化工	600691.XSHG	15.790028660739708	2020-10-23	90.96491135470643	2021-09-23
870	均胜电子	600699.XSHG	10.141140210187302	2021-09-22	94.40980104927031	2021-07-05
871	舍得酒业	600702.XSHG	0.0	2020-09-24	93.28561374069872	2021-06-07
872	三安光电	600703.XSHG	11.428571428571374	2020-09-25	89.59550639856191	2021-01-12
873	物产中大	600704.XSHG	11.364813414432476	2021-07-28	98.50795856578777	2021-06-02
874	中航产融	600705.XSHG	7.7571158848273996	2021-02-05	84.08581624786639	2021-01-05
875	彩虹股份	600707.XSHG	4.629629629629733	2020-09-25	98.69550618721615	2020-12-03
876	盛屯矿业	600711.XSHG	18.593220620835226	2021-06-17	97.04886068544434	2020-12-25
877	天津港	600717.XSHG	12.205398533731355	2020-12-11	97.12690174636958	2021-09-09
878	东软集团	600718.XSHG	10.095107200339342	2020-11-02	90.61065962646602	2021-06-02
879	佳都科技	600728.XSHG	8.482289569607914	2020-12-28	82.4263288468095	2021-06-10
880	重庆百货	600729.XSHG	9.317823432920562	2020-11-16	84.69674279138083	2021-03-03
881	爱旭股份	600732.XSHG	12.835998642100293	2021-07-28	85.59785579283677	2021-06-11
882	北汽蓝谷	600733.XSHG	9.900990099009974	2020-09-28	97.6325382892081	2021-04-21
883	中粮糖业	600737.XSHG	14.406533346902933	2020-11-02	88.17246566118976	2020-12-21
884	辽宁成大	600739.XSHG	13.266585817272528	2021-06-09	89.26256767515271	2020-12-15
885	山西焦化	600740.XSHG	23.517536593247527	2020-12-16	98.1029966444147	2021-09-10
886	华域汽车	600741.XSHG	6.484076237527773	2021-07-29	93.23164140745598	2020-11-06
887	华银电力	600744.XSHG	15.267668522768275	2021-08-31	98.6666016265218	2021-03-16
888	闻泰科技	600745.XSHG	13.274088491754028	2021-04-27	86.94916915760658	2021-01-14
889	江苏索普	600746.XSHG	13.368983957219399	2020-09-28	93.43751381320945	2021-02-24
890	锦江酒店	600754.XSHG	8.854166666666742	2020-09-25	89.45354647712213	2020-11-10
891	厦门国贸	600755.XSHG	13.047494541273409	2020-12-24	94.64105090726274	2021-09-13
892	中航沈飞	600760.XSHG	16.354072584452638	2021-03-10	92.80011134946909	2021-01-07
893	通策医疗	600763.XSHG	14.086578288915291	2021-09-03	92.73717196742952	2020-10-13
894	中国海防	600764.XSHG	8.923035910409936	2021-02-08	83.24369181249594	2021-04-20
895	中航重机	600765.XSHG	17.05831209315194	2021-03-09	91.15595939842241	2021-01-04
896	广誉远	600771.XSHG	14.846904045605655	2021-08-20	94.4721229392259	2021-07-02
897	西藏城投	600773.XSHG	11.045965304191569	2020-11-02	91.0355365536062	2021-07-12
898	东方通信	600776.XSHG	6.846885300293209	2020-12-28	90.44478451654864	2021-02-26
899	新潮能源	600777.XSHG	0.0	2020-09-25	95.03809505109665	2021-08-31
900	水井坊	600779.XSHG	14.332748114530418	2021-03-09	93.02745472266363	2021-04-16
901	新钢股份	600782.XSHG	12.249321687681558	2021-02-03	96.72061885095334	2021-07-16
902	鲁信创投	600783.XSHG	14.594227492350683	2021-01-29	96.99843893988715	2021-09-02
903	中储股份	600787.XSHG	10.28282602337049	2020-10-30	95.97766078836128	2021-08-31
904	国电电力	600795.XSHG	0.0	2020-09-25	90.50374969906736	2021-09-08
905	华新水泥	600801.XSHG	7.300794542585123	2020-12-28	91.99603590197697	2021-09-13
906	新奥股份	600803.XSHG	17.39130434782615	2020-09-25	87.14532437140664	2021-08-30
907	马钢股份	600808.XSHG	11.128379257323232	2020-10-30	92.06167168699223	2021-05-10
908	神马股份	600810.XSHG	17.16009901083639	2021-09-28	95.84987142434561	2020-11-16
909	东方集团	600811.XSHG	7.499999999999872	2020-09-11	90.5182395365069	2021-09-09
910	华北制药	600812.XSHG	10.516680112683034	2021-01-29	89.70388172987752	2021-04-23
911	隧道股份	600820.XSHG	10.51894934881544	2021-07-28	96.3125905538006	2021-09-13
912	金开新能	600821.XSHG	11.92714553202758	2021-07-28	92.51895721892689	2020-11-20
913	世茂股份	600823.XSHG	2.5706867229282153	2021-07-29	85.01144885141791	2021-08-23
914	百联股份	600827.XSHG	6.369335030805473	2021-07-29	87.70440324683709	2021-06-03
915	上海机电	600835.XSHG	11.123646487827727	2021-06-15	94.79399648871444	2020-11-10
916	海通证券	600837.XSHG	12.317732650624919	2021-02-08	85.60084281819292	2021-09-02
917	四川长虹	600839.XSHG	4.46295994194665	2021-02-04	95.24630304942352	2021-05-18
918	上柴股份	600841.XSHG	16.55534580476953	2021-01-26	92.35065896122867	2020-11-27
919	宝信软件	600845.XSHG	18.055172811686887	2021-03-10	96.54923328372962	2021-07-29
920	上海临港	600848.XSHG	11.897004043537919	2021-07-28	86.53931796434497	2021-04-16
921	电科数字	600850.XSHG	6.913029240900883	2020-09-10	91.24975160521252	2021-03-23
922	海欣股份	600851.XSHG	13.083734460516467	2020-11-02	92.89505057088788	2021-05-31
923	王府井	600859.XSHG	4.265091863517057	2020-09-09	91.06561591386931	2021-09-03
924	中航高科	600862.XSHG	9.275789875051771	2021-03-09	90.54572134007454	2021-01-08
925	内蒙华电	600863.XSHG	2.3034557698210136	2021-02-03	98.70460457211769	2021-09-08
926	哈投股份	600864.XSHG	8.948809688863989	2021-02-04	85.65646493084337	2020-12-02
927	通化东宝	600867.XSHG	8.201478771176838	2021-07-29	83.62286518343303	2021-04-30
928	远东股份	600869.XSHG	9.758994856266895	2020-12-18	91.09732561007776	2021-06-08
929	石化油服	600871.XSHG	12.499999999999787	2020-09-25	98.78736682939852	2021-09-09
930	中炬高新	600872.XSHG	10.682081998936198	2021-06-22	85.63534121593185	2020-12-07
931	梅花生物	600873.XSHG	4.523804998714667	2021-06-21	94.42087893123193	2021-07-22
932	东方电气	600875.XSHG	16.819571865443336	2020-09-28	96.70091753871085	2021-08-18
933	洛阳玻璃	600876.XSHG	17.00701016374235	2021-08-19	95.36655655139465	2021-07-13
934	电能股份	600877.XSHG	6.521739130434838	2020-09-10	98.26992138667828	2020-12-25
935	航天电子	600879.XSHG	11.195901457700685	2020-11-02	94.68258055343682	2021-01-06
936	妙可蓝多	600882.XSHG	15.201828318668177	2020-10-26	95.61236119682378	2021-01-08
937	杉杉股份	600884.XSHG	0.0	2020-09-25	93.4001504310177	2021-07-13
938	宏发股份	600885.XSHG	4.43510737628381	2020-09-28	86.1531725662426	2021-02-04
939	国投电力	600886.XSHG	10.497083072961189	2020-12-11	88.91411849591752	2021-03-12
940	新疆众和	600888.XSHG	15.363774315020535	2021-06-18	99.1118553982777	2021-08-02
941	航发动力	600893.XSHG	16.72342834624159	2020-10-23	94.8096608828585	2021-01-07
942	张江高科	600895.XSHG	16.441193501126037	2020-11-02	86.76348530410091	2021-04-22
943	江苏租赁	600901.XSHG	10.920729778914392	2021-02-04	92.08267853132237	2021-09-09
944	贵州燃气	600903.XSHG	6.662179210732475	2021-01-29	86.73361341055896	2020-10-16
945	无锡银行	600908.XSHG	10.26380460073851	2021-06-18	92.6094727666138	2021-09-10
946	华安证券	600909.XSHG	9.677419354838776	2020-09-17	86.7929512093883	2020-09-22
947	重庆燃气	600917.XSHG	5.117604503929556	2020-11-20	97.9578977595105	2021-03-30
948	中泰证券	600918.XSHG	5.15625812230526	2021-05-07	90.15208952858218	2020-12-01
949	江苏银行	600919.XSHG	14.409999101068891	2021-09-22	92.52293100136649	2021-05-12
950	杭州银行	600926.XSHG	10.507922982117336	2021-06-18	89.61112684408111	2021-02-18
951	西安银行	600928.XSHG	11.157717162102912	2021-07-27	95.63199747506602	2020-12-03
952	爱柯迪	600933.XSHG	9.25925925925921	2020-09-28	86.05835610919124	2020-11-20
953	新天绿能	600956.XSHG	12.086037102705589	2021-02-08	93.35450962001877	2021-03-24
954	东方证券	600958.XSHG	7.600891330069416	2021-02-08	91.86497807592377	2021-05-31
955	江苏有线	600959.XSHG	4.888921383663998	2020-12-28	92.18411643306072	2021-09-09
956	岳阳林纸	600963.XSHG	13.8177249771838	2020-12-24	95.12277566298037	2021-05-26
957	博汇纸业	600966.XSHG	10.475948224029665	2021-06-15	96.09501737089131	2021-01-12
958	内蒙一机	600967.XSHG	9.722521706299759	2020-12-17	92.58742518078662	2021-01-04
959	海油发展	600968.XSHG	15.040605869953126	2020-10-28	91.91901419166189	2021-09-09
960	中材国际	600970.XSHG	17.142857142857224	2020-09-10	93.48261400069609	2021-02-04
961	中国电影	600977.XSHG	12.166846637240042	2021-06-16	94.65562401033301	2021-09-10
962	淮北矿业	600985.XSHG	19.878156654541044	2021-06-21	92.27503521365452	2021-09-09
963	赤峰黄金	600988.XSHG	15.215563733226048	2021-02-05	91.71130484158161	2021-09-13
964	宝丰能源	600989.XSHG	20.21140301048443	2021-06-17	89.9804484220998	2021-01-27
965	马应龙	600993.XSHG	12.252838780095416	2021-02-05	95.24229776301156	2021-07-01
966	开滦股份	600997.XSHG	21.1662140957598	2021-03-24	92.48081069586834	2021-01-26
967	九州通	600998.XSHG	5.399181183714859	2021-06-23	84.75848546270072	2021-03-19
968	招商证券	600999.XSHG	15.525535935168875	2021-07-30	83.71772390566316	2020-12-02
969	唐山港	601000.XSHG	4.5754026354318285	2020-09-30	94.85843101574115	2021-09-09
970	晋控煤业	601001.XSHG	14.678649527442786	2021-02-05	96.93295518906962	2021-05-10
971	柳钢股份	601003.XSHG	15.894515132210131	2021-09-28	90.2747456417943	2021-07-16
972	重庆钢铁	601005.XSHG	16.35172530490979	2020-11-02	96.85355649724056	2021-04-14
973	大秦铁路	601006.XSHG	9.656363737707125	2021-06-11	92.40486559838996	2021-09-02
974	南京银行	601009.XSHG	15.101341817213765	2021-07-27	86.29406290733395	2021-02-25
975	陕西黑猫	601015.XSHG	5.555555555555671	2020-09-17	95.40178153862803	2020-11-11
976	节能风电	601016.XSHG	20.784689977080674	2021-04-30	91.0590390627345	2021-09-06
977	宁波港	601018.XSHG	11.766556367974829	2021-07-28	94.72420587488854	2021-09-09
978	山东出版	601019.XSHG	9.656976653123863	2020-12-14	98.76145094438779	2021-09-13
979	春秋航空	601021.XSHG	4.719101123595522	2020-09-25	88.33284325099342	2020-11-20
980	玉龙股份	601028.XSHG	16.987556353241402	2021-08-17	91.60038354786161	2021-03-08
981	一拖股份	601038.XSHG	10.301846544361013	2021-02-05	94.60290902743684	2021-03-08
982	赛轮轮胎	601058.XSHG	0.0	2020-09-25	94.76734503216748	2021-01-13
983	中铝国际	601068.XSHG	6.6225165562914015	2020-09-28	88.97003724548388	2021-09-16
984	渝农商行	601077.XSHG	6.929490223749312	2020-11-02	92.01118890874903	2021-05-14
985	中南传媒	601098.XSHG	4.449700828820411	2020-12-28	93.80698620434151	2021-09-02
986	太平洋	601099.XSHG	10.347529793906148	2021-02-02	87.96829694166483	2021-04-08
987	恒立液压	601100.XSHG	13.537831061547294	2021-02-26	96.78632164774086	2021-01-07
988	昊华能源	601101.XSHG	12.867900546993766	2021-01-14	93.78533225973449	2021-08-31
989	中国一重	601106.XSHG	7.409043684419089	2020-10-30	97.23325420356173	2021-07-01
990	四川成渝	601107.XSHG	7.032609905525561	2020-12-24	94.14264419973749	2021-09-09
991	财通证券	601108.XSHG	11.941254832827184	2021-04-30	91.33333333333339	2020-09-25
992	中国国航	601111.XSHG	0.0	2020-09-25	90.58631416946216	2021-09-09
993	中国化学	601117.XSHG	12.356530406427353	2020-12-14	96.09819697976135	2021-06-16
994	海南橡胶	601118.XSHG	14.2207502308232	2021-07-28	86.67720581245574	2021-02-25
995	四方股份	601126.XSHG	14.03283393459185	2021-02-08	95.2906518150713	2021-03-23
996	小康股份	601127.XSHG	13.825033110937312	2021-09-28	97.96907881821838	2020-11-26
997	常熟银行	601128.XSHG	4.632789364090414	2021-06-24	91.93616889029818	2021-08-24
998	博威合金	601137.XSHG	14.347894768114713	2021-02-05	86.41578418846404	2021-08-13
999	深圳燃气	601139.XSHG	8.176374225975678	2021-01-29	97.44009974840895	2021-08-06
1000	新城控股	601155.XSHG	11.062450184729954	2021-06-21	97.33714377651737	2021-01-27
1001	重庆水务	601158.XSHG	16.905975410033278	2020-12-11	95.78874393774122	2021-03-31
1002	天风证券	601162.XSHG	8.733318183470587	2021-02-08	88.56123459104099	2021-09-08
1003	三角轮胎	601163.XSHG	12.179702555828214	2021-07-28	92.48797192591049	2020-10-28
1004	西部矿业	601168.XSHG	14.306088264985917	2021-06-21	91.89462218927824	2020-11-12
1005	北京银行	601169.XSHG	5.762428397692034	2021-07-29	95.93321723177311	2021-05-12
1006	中国西电	601179.XSHG	14.324635609968979	2021-02-08	92.77994379633343	2021-07-26
1007	中国铁建	601186.XSHG	10.933942220865674	2021-02-04	93.68168948049176	2021-09-02
1008	东兴证券	601198.XSHG	8.588187559799323	2021-02-08	85.4069840604588	2021-08-18
1009	上海环境	601200.XSHG	9.611589573963826	2021-07-27	91.94749737012779	2021-09-09
1010	东材科技	601208.XSHG	15.020292337401614	2021-09-28	92.76477037794244	2020-11-18
1011	国泰君安	601211.XSHG	15.687016134815622	2021-01-29	92.05317668092613	2021-08-24
1012	白银有色	601212.XSHG	18.615418740159555	2021-01-14	86.94115659876222	2021-07-26
1013	君正集团	601216.XSHG	8.428446718712522	2020-11-27	86.15012855388395	2021-09-09
1014	林洋能源	601222.XSHG	9.606702819633966	2020-12-11	87.3168205090858	2021-07-26
1015	陕西煤业	601225.XSHG	20.248319684643178	2020-12-16	93.8011718243853	2021-09-09
1016	广州港	601228.XSHG	13.465400998664947	2021-07-20	97.5827609620045	2021-09-13
1017	上海银行	601229.XSHG	11.87940024115143	2021-07-27	87.67969356157647	2021-01-19
1018	环旭电子	601231.XSHG	10.306420593564297	2020-12-14	96.41435744691964	2020-10-12
1019	桐昆股份	601233.XSHG	14.857922232370427	2021-09-28	96.59698308757713	2020-11-18
1020	红塔证券	601236.XSHG	8.737672627597092	2021-05-07	81.07448107448114	2020-09-18
1021	广汽集团	601238.XSHG	0.0	2020-09-25	92.53334652358988	2020-11-02
1022	庞大集团	601258.XSHG	0.0	2020-09-24	98.21391825541694	2021-02-24
1023	青岛港	601298.XSHG	10.986086335173908	2021-07-28	92.70886344221887	2021-09-09
1024	骆驼股份	601311.XSHG	14.0664961636828	2020-09-28	89.24763102453521	2021-07-13
1025	秦港股份	601326.XSHG	18.242252702351607	2021-07-19	98.11003960749574	2021-09-09
1026	绿色动力	601330.XSHG	11.577092838589266	2020-12-11	87.37933560044208	2021-09-09
1027	广深铁路	601333.XSHG	6.680022553551154	2021-02-02	97.3319838203377	2021-09-13
1028	新华保险	601336.XSHG	12.693193330807276	2021-06-21	77.04908446577147	2020-10-21
1029	三六零	601360.XSHG	6.320050139521243	2020-11-02	85.24114256794488	2020-11-25
1030	陕鼓动力	601369.XSHG	15.54243476479067	2021-02-08	93.22456161114887	2021-07-21
1031	中原证券	601375.XSHG	6.374311478885531	2021-02-04	93.18898267857364	2021-01-04
1032	兴业证券	601377.XSHG	15.946577665832834	2020-10-30	90.66657070063799	2021-05-31
1033	怡球资源	601388.XSHG	3.225806451612982	2020-09-25	94.95959159107085	2021-08-31
1034	中国中铁	601390.XSHG	12.232653228815622	2021-04-27	95.14200104274398	2021-09-02
1035	国机重装	601399.XSHG	2.454590083456111	2020-09-28	91.72858521530321	2021-08-17
1036	国联证券	601456.XSHG	13.01601141364469	2021-02-08	85.45779301013717	2021-03-25
1037	中新集团	601512.XSHG	5.3124704737846145	2021-01-13	86.45575650852783	2021-04-20
1038	东风股份	601515.XSHG	12.268913834884344	2021-01-13	98.42998489520267	2021-09-13
1039	大智慧	601519.XSHG	13.710464847308245	2021-02-05	83.26714235578501	2020-11-09
1040	东吴证券	601555.XSHG	10.225443650684383	2021-02-05	95.19779037367016	2021-08-18
1041	三星医疗	601567.XSHG	14.922258165501333	2020-09-30	98.81602362737596	2021-05-13
1042	长沙银行	601577.XSHG	12.702272448322347	2021-04-30	91.15125642824239	2020-12-01
1043	中国外运	601598.XSHG	15.620622202607748	2021-03-26	93.38128634070968	2021-09-13
1044	中国铝业	601600.XSHG	20.16819968733924	2021-03-24	93.38569560795452	2021-05-12
1045	上海医药	601607.XSHG	11.203752356701528	2020-12-11	92.42172580539219	2021-02-26
1046	中信重工	601608.XSHG	14.162903386935568	2021-01-29	90.25172542372134	2021-07-02
1047	金田铜业	601609.XSHG	18.536456143538928	2021-09-27	89.72791317825896	2021-02-22
1048	中国核建	601611.XSHG	13.935028282329242	2021-02-08	91.55004479358732	2021-09-13
1049	明阳智能	601615.XSHG	15.119741877145714	2021-03-09	91.19334204486626	2020-10-14
1050	中国中冶	601618.XSHG	17.18468236082984	2020-12-15	92.79028715988026	2021-07-26
1051	嘉泽新能	601619.XSHG	19.822084638520565	2021-04-27	93.19124099632285	2021-06-17
1052	旗滨集团	601636.XSHG	9.049034039493591	2021-09-27	96.46374634885821	2020-11-16
1053	平煤股份	601666.XSHG	6.278169572490782	2021-02-05	90.70446115067475	2021-05-10
1054	中国电建	601669.XSHG	15.707538982623973	2021-02-04	94.2161511574764	2021-09-10
1055	明泰铝业	601677.XSHG	19.47895676860729	2021-09-27	94.54121578952204	2021-08-02
1056	滨化股份	601678.XSHG	10.110979958757923	2021-02-05	92.29042195306592	2021-08-13
1057	华泰证券	601688.XSHG	9.810257685219383	2021-04-28	90.31173717709166	2021-08-20
1058	拓普集团	601689.XSHG	12.910184196235193	2021-05-12	87.99096486973673	2021-06-02
1059	中银证券	601696.XSHG	6.235452025237009	2021-02-05	94.42675150526055	2021-06-28
1060	中国卫通	601698.XSHG	8.824847528294981	2021-07-28	91.03570327871526	2021-04-08
1061	潞安环能	601699.XSHG	8.74182839847164	2021-01-29	96.29174907423837	2021-04-28
1062	华峰铝业	601702.XSHG	16.779626504501877	2021-01-14	93.84157684672924	2021-08-27
1063	郑煤机	601717.XSHG	8.552631578947413	2020-09-25	91.780458745169	2021-02-25
1064	际华集团	601718.XSHG	6.128301282652544	2021-02-04	91.69075317595761	2021-09-09
1065	上海电气	601727.XSHG	9.351001676751196	2021-07-29	84.30920773191129	2020-12-10
1066	中国中车	601766.XSHG	13.760232634930631	2020-11-02	92.21768711797499	2021-01-14
1067	力帆科技	601777.XSHG	12.437024212446474	2021-01-06	92.14163639142087	2021-08-13
1068	晶科科技	601778.XSHG	7.139620866614436	2021-05-06	95.05504989385595	2021-08-17
1069	光大证券	601788.XSHG	11.028546272985992	2020-10-28	84.79323009448163	2021-06-08
1070	星宇股份	601799.XSHG	6.697085663821014	2020-09-28	84.891747806491	2020-11-06
1071	中国交建	601800.XSHG	9.321006971731151	2021-02-05	94.42918335207577	2021-09-02
1072	中海油服	601808.XSHG	6.040883182014625	2020-11-02	91.30560286964484	2020-11-25
1073	新华文轩	601811.XSHG	6.380630268407145	2020-12-16	91.76608297983661	2021-09-09
1074	光大银行	601818.XSHG	7.84090866473727	2021-07-09	88.70139936837663	2020-10-16
1075	三峰环境	601827.XSHG	10.433682711945764	2021-01-29	88.34324974400926	2021-09-24
1076	美凯龙	601828.XSHG	2.950020036022309	2020-12-18	94.37023610112176	2021-01-19
1077	成都银行	601838.XSHG	15.532222303058433	2021-06-21	93.7463662398523	2021-05-11
1078	紫金银行	601860.XSHG	6.72970681398796	2021-07-30	88.30858085169953	2020-12-03
1079	福莱特	601865.XSHG	10.451721612920181	2021-03-09	95.74813355459092	2020-10-14
1080	中远海发	601866.XSHG	20.69145528293933	2021-07-27	94.43726647537143	2021-09-13
1081	长飞光纤	601869.XSHG	5.491837886836876	2021-02-08	96.39615918459585	2021-09-09
1082	招商轮船	601872.XSHG	7.2520782486569715	2021-02-01	97.15721743357443	2021-09-15
1083	正泰电器	601877.XSHG	13.496705541964872	2021-04-15	88.07861159991661	2021-08-11
1084	浙商证券	601878.XSHG	10.838877059220863	2021-04-15	87.84079786542372	2020-10-12
1085	辽港股份	601880.XSHG	4.0	2020-09-17	92.11079483639917	2021-09-09
1086	中国银河	601881.XSHG	5.925093231811289	2021-02-04	84.58504101315161	2021-08-18
1087	海天精工	601882.XSHG	9.854422734704514	2021-01-14	92.64872956390586	2021-07-14
1088	中煤能源	601898.XSHG	15.46501726355146	2021-02-05	90.66571121453585	2021-03-03
1089	方正证券	601901.XSHG	17.037986991973284	2021-08-05	91.18977398108197	2021-01-04
1090	京运通	601908.XSHG	16.062920728238524	2021-04-13	93.80309771836184	2021-01-08
1091	浙商银行	601916.XSHG	6.944077370920482	2021-07-27	82.41482103206529	2021-03-08
1092	新集能源	601918.XSHG	17.928912919895936	2020-10-30	91.25915853932534	2021-05-10
1093	凤凰传媒	601928.XSHG	8.82655909952031	2020-12-28	94.54994423881627	2021-09-13
1094	永辉超市	601933.XSHG	5.445704225292388	2021-06-23	80.29150715552689	2021-02-19
1095	中国出版	601949.XSHG	8.064516129032299	2020-09-28	93.22097345080299	2020-11-20
1096	苏垦农发	601952.XSHG	9.257574244583225	2021-02-05	85.02270789714466	2020-12-23
1097	金钼股份	601958.XSHG	5.419110747490819	2020-11-02	95.18403982576802	2021-08-31
1098	中国汽研	601965.XSHG	10.972574294028718	2021-09-16	87.97768793206157	2020-11-18
1099	玲珑轮胎	601966.XSHG	14.09015188456901	2021-05-14	100.0	2020-09-21
1100	宝钢包装	601968.XSHG	14.275212258612058	2021-09-24	89.45259053506386	2021-06-25
1101	海南矿业	601969.XSHG	10.060795850979801	2021-02-04	92.82149197534054	2021-05-12
1102	招商南油	601975.XSHG	6.787959623353032	2021-01-29	93.3986183347334	2021-09-09
1103	中国核电	601985.XSHG	10.625433020679225	2021-06-21	96.31424561747471	2021-09-09
1104	中国重工	601989.XSHG	11.10177156000762	2020-12-16	85.64853881650588	2021-04-07
1105	南京证券	601990.XSHG	8.325315996670867	2021-04-13	85.76345563381604	2021-06-17
1106	大唐发电	601991.XSHG	12.63870779170891	2021-07-28	88.90639269477903	2021-03-23
1107	金隅集团	601992.XSHG	3.9321065221947435	2021-02-05	93.30529026132594	2021-09-09
1108	贵阳银行	601997.XSHG	12.479993722413838	2021-07-27	78.91865568612967	2020-12-03
1109	人民网	603000.XSHG	5.466512776797828	2021-07-28	89.48434569495053	2021-02-22
1110	晶方科技	603005.XSHG	16.705998497734768	2021-03-16	92.12021880230118	2021-01-14
1111	万盛股份	603010.XSHG	16.15450105332482	2021-04-13	95.72026237794866	2021-09-23
1112	中科曙光	603019.XSHG	11.681547295985752	2020-11-02	83.35170333851667	2021-07-19
1113	大豪科技	603025.XSHG	14.671278278219503	2020-10-30	99.83617255605381	2020-12-24
1114	石大胜华	603026.XSHG	13.29472534402315	2021-01-13	98.75172715216499	2021-07-08
1115	千禾味业	603027.XSHG	9.790614989522766	2021-03-09	91.08672151944768	2021-07-06
1116	三维股份	603033.XSHG	8.12590929628955	2021-07-29	98.05776507776015	2021-09-14
1117	泛微网络	603039.XSHG	6.553066636939789	2021-05-10	90.11023217488092	2020-11-19
1118	广州酒家	603043.XSHG	10.24359835026361	2021-07-28	87.16448918722617	2021-04-19
1119	成都燃气	603053.XSHG	3.748706971998203	2021-02-08	85.17998532865751	2021-08-16
1120	台华新材	603055.XSHG	2.9049297015641287	2020-11-04	97.14319119739613	2021-09-07
1121	德邦股份	603056.XSHG	9.184866502280144	2020-12-24	83.03375657863131	2021-01-25
1122	国检集团	603060.XSHG	16.682791363519428	2020-10-23	92.56747181232505	2021-09-03
1123	和邦生物	603077.XSHG	11.504832029452373	2020-09-30	93.63542888783293	2021-09-03
1124	甘李药业	603087.XSHG	2.902842699591588	2021-07-20	92.70203106982338	2020-12-28
1125	森特股份	603098.XSHG	2.9859764703302005	2020-12-28	97.48058494991857	2021-03-11
1126	金能科技	603113.XSHG	18.003354198960906	2021-04-16	90.83109074530637	2021-01-25
1127	昭衍新药	603127.XSHG	7.885789336296455	2021-03-09	90.61354769877573	2021-01-25
1128	华贸物流	603128.XSHG	20.723804699957597	2020-11-02	88.49974024639474	2021-01-13
1129	春风动力	603129.XSHG	12.243403665948364	2021-05-14	83.75573045284109	2021-08-26
1130	新亚强	603155.XSHG	22.570438023729352	2020-12-30	89.37299922102547	2021-06-02
1131	养元饮品	603156.XSHG	19.363301887595597	2021-07-27	90.54469282716643	2021-05-20
1132	汇顶科技	603160.XSHG	11.83619014718812	2020-12-11	85.1341064920086	2020-11-09
1133	新泉股份	603179.XSHG	13.4682636819539	2020-11-23	95.17875948286236	2021-01-05
1134	上机数控	603185.XSHG	19.189251664731998	2020-11-18	94.2435682800638	2021-07-15
1135	海容冷链	603187.XSHG	12.664941260776885	2021-07-26	86.56202294492994	2021-04-28
1136	公牛集团	603195.XSHG	10.359012635934405	2021-07-30	92.94668619189277	2021-07-08
1137	迎驾贡酒	603198.XSHG	14.20245525915955	2021-07-27	94.87046482095626	2021-04-22
1138	赛伍技术	603212.XSHG	10.136124280931213	2021-05-17	87.7926119547376	2021-09-01
1139	日月股份	603218.XSHG	7.583397567185173	2021-05-13	88.76664504574428	2020-10-15
1140	新凤鸣	603225.XSHG	11.388513015973402	2021-03-10	95.7803735245829	2021-01-13
1141	景旺电子	603228.XSHG	12.551117565877021	2020-12-22	82.38605014146582	2021-03-03
1142	大参林	603233.XSHG	8.103441957723604	2021-07-27	87.70329699878327	2021-01-25
1143	移远通信	603236.XSHG	12.60665742228683	2021-07-28	90.9662899779084	2021-06-11
1144	鸿远电子	603267.XSHG	21.15802911528229	2021-09-17	93.11391293077865	2021-01-05
1145	景津环保	603279.XSHG	10.321753087298191	2020-11-18	93.72261826271404	2021-07-22
1146	斯达半导	603290.XSHG	17.09760775823834	2021-03-25	92.54688745833711	2021-06-18
1147	杭叉集团	603298.XSHG	13.34216673477897	2021-07-28	94.02574042156812	2020-10-22
1148	旭升股份	603305.XSHG	14.891833205726769	2020-12-11	87.7024115189028	2021-08-05
1149	华懋科技	603306.XSHG	19.863808640787994	2021-03-15	97.3313952688305	2021-06-04
1150	应流股份	603308.XSHG	11.434572591045125	2021-03-10	93.44206937092062	2021-07-26
1151	天味食品	603317.XSHG	8.493909876613102	2021-06-17	86.1247899264263	2020-12-31
1152	浙江鼎力	603338.XSHG	5.401869168690936	2021-06-17	84.95967811967148	2020-10-14
1153	安井食品	603345.XSHG	6.8699156058241755	2021-03-09	96.85833394473822	2021-02-02
1154	莱克电气	603355.XSHG	3.399636823166446	2021-07-29	98.18696393809822	2021-05-12
1155	今世缘	603369.XSHG	8.386023944020025	2021-07-30	87.34700016729393	2021-05-27
1156	三美股份	603379.XSHG	8.790796861251849	2021-01-13	93.47500817733044	2021-06-04
1157	万泰生物	603392.XSHG	13.111442856959783	2021-03-04	88.84849699481373	2021-01-06
1158	新天然气	603393.XSHG	7.143033969487206	2021-01-29	94.72078653804355	2021-09-13
1159	金辰股份	603396.XSHG	5.675340616069974	2020-11-06	97.16438373633045	2021-07-05
1160	吉比特	603444.XSHG	5.731916789071519	2020-11-27	94.6606303429594	2021-04-28
1161	九洲药业	603456.XSHG	15.192359031242745	2020-11-18	86.73970874877827	2021-01-25
1162	科沃斯	603486.XSHG	21.636980419803024	2021-08-31	94.53343240766577	2021-04-29
1163	八方股份	603489.XSHG	17.25759925171944	2021-03-10	89.55862960338969	2021-05-12
1164	金石资源	603505.XSHG	14.038024406380586	2021-03-24	94.84417191387307	2021-07-14
1165	欧普照明	603515.XSHG	10.054540901761925	2021-09-22	91.80190226021759	2020-11-19
1166	绝味食品	603517.XSHG	9.542757634611533	2021-03-09	87.91688287442082	2021-01-12
1167	司太立	603520.XSHG	11.019790579642176	2021-07-27	92.7253808645678	2021-09-13
1168	珍宝岛	603567.XSHG	7.953472762543711	2020-11-02	95.99569335228281	2021-06-01
1169	伟明环保	603568.XSHG	9.036607281614621	2020-12-23	86.23984145046026	2021-03-02
1170	捷昌驱动	603583.XSHG	9.755967335623609	2021-03-02	91.0867038304542	2021-01-22
1171	高能环境	603588.XSHG	15.211265988241692	2020-10-23	91.31412568219153	2021-09-06
1172	口子窖	603589.XSHG	13.550485236423754	2020-09-29	90.60635447619194	2021-04-02
1173	伯特利	603596.XSHG	8.720184856221564	2021-03-25	91.53284486177796	2021-04-19
1174	广信股份	603599.XSHG	18.55700891562705	2021-04-12	94.98017046805904	2020-11-23
1175	珀莱雅	603605.XSHG	12.875635720731637	2021-08-27	88.49375006743563	2021-01-08
1176	东方电缆	603606.XSHG	10.806864562319845	2021-05-12	92.00378749444417	2021-07-15
1177	索通发展	603612.XSHG	0.0	2020-09-25	95.6320501786229	2020-11-24
1178	国联股份	603613.XSHG	8.994135026018157	2021-05-10	97.15924685579138	2021-01-04
1179	艾迪精密	603638.XSHG	6.708392689114618	2021-03-15	96.02753928657336	2020-12-16
1180	彤程新材	603650.XSHG	13.192054374783467	2020-12-22	96.51052279069509	2021-06-02
1181	安图生物	603658.XSHG	6.888097759836086	2021-06-16	81.33718074091229	2021-04-12
1182	璞泰来	603659.XSHG	16.368907056118147	2021-02-26	93.72467215173214	2021-07-08
1183	亿嘉和	603666.XSHG	15.040116329321407	2021-01-29	85.61388057361302	2021-04-28
1184	火炬电子	603678.XSHG	22.198915824399464	2021-09-16	94.92439787647633	2021-01-05
1185	石英股份	603688.XSHG	13.495798132524357	2020-11-02	93.02625433185064	2021-06-10
1186	至纯科技	603690.XSHG	10.376639105388037	2021-02-05	91.92381881008656	2021-07-22
1187	江苏新能	603693.XSHG	11.810486895847347	2020-11-02	92.0622529760247	2021-09-24
1188	健友股份	603707.XSHG	10.502830363424692	2020-10-23	90.79568188506023	2021-09-28
1189	七一二	603712.XSHG	16.628215418392074	2021-07-02	93.980801797946	2021-08-10
1190	密尔克卫	603713.XSHG	7.998040362889853	2021-09-28	82.98441795800893	2020-12-03
1191	良品铺子	603719.XSHG	6.978171449635653	2021-07-28	90.10695652327249	2021-04-22
1192	岱美股份	603730.XSHG	10.842499383468464	2021-02-04	91.63754483195882	2021-06-10
1193	仙鹤股份	603733.XSHG	16.65366099869287	2020-11-02	94.1953913866559	2021-07-05
1194	三棵树	603737.XSHG	2.7701290485828736	2021-09-22	94.20348004589988	2021-05-06
1195	科博达	603786.XSHG	11.54138369527918	2021-01-12	90.60301852097174	2021-02-08
1196	华友钴业	603799.XSHG	9.507829977628603	2020-09-28	93.84041642492689	2021-07-12
1197	福斯特	603806.XSHG	9.65525539523864	2021-03-09	91.85296144299959	2020-10-13
1198	顾家家居	603816.XSHG	3.0465949820788865	2020-09-29	91.46996470471026	2020-11-06
1199	坤彩科技	603826.XSHG	12.61769384194045	2021-08-18	88.18211031160064	2020-11-25
1200	欧派家居	603833.XSHG	13.417014042618419	2021-09-22	84.8743212373286	2021-02-04
1201	步长制药	603858.XSHG	10.15457926287813	2021-07-26	89.07894711152763	2020-12-10
1202	桃李面包	603866.XSHG	7.193461251007776	2021-07-08	83.07659712933537	2021-08-10
1203	飞科电器	603868.XSHG	8.89384661998993	2021-06-18	83.73170739094274	2021-02-18
1204	鼎胜新材	603876.XSHG	9.042057686837808	2020-10-30	96.5333681825898	2021-06-07
1205	太平鸟	603877.XSHG	9.02266503439806	2020-12-30	96.13232159131867	2021-04-08
1206	数据港	603881.XSHG	10.252332903965339	2020-12-28	89.21047072305574	2021-05-31
1207	金域医学	603882.XSHG	7.932046231933953	2020-11-13	95.45354799300459	2021-01-11
1208	老百姓	603883.XSHG	5.887098820038602	2021-05-10	92.43584932356184	2021-01-13
1209	吉祥航空	603885.XSHG	9.210526315789508	2020-09-25	92.4588708788721	2021-02-24
1210	瑞芯微	603893.XSHG	15.518373135544465	2021-01-12	96.55382633142074	2021-06-17
1211	晨光文具	603899.XSHG	12.040400875343238	2021-07-27	87.39980273314522	2021-01-05
1212	龙蟠科技	603906.XSHG	14.889782995905165	2020-10-30	91.31395916821262	2021-05-31
1213	国茂股份	603915.XSHG	18.60920666013709	2020-09-28	97.5011423162393	2021-01-26
1214	金徽酒	603919.XSHG	16.115669694796864	2021-03-09	98.5991904694467	2020-10-23
1215	中科软	603927.XSHG	0.8097165991902671	2020-09-28	90.69335303293349	2021-06-11
1216	益丰药房	603939.XSHG	12.10132795073217	2021-03-04	86.0826667159554	2021-01-13
1217	金诚信	603979.XSHG	0.7429420505200568	2020-09-28	91.15405494906543	2021-02-23
1218	丸美股份	603983.XSHG	8.596685250859807	2021-07-29	81.96037292244934	2021-03-23
1219	恒润股份	603985.XSHG	9.411268812732416	2021-05-11	100.0	2020-09-18
1220	兆易创新	603986.XSHG	15.638379319365697	2021-03-15	89.83465521168698	2021-06-23
1221	艾华集团	603989.XSHG	19.51700882223055	2021-09-02	85.23113810415765	2021-07-22
1222	洛阳钼业	603993.XSHG	10.947313429296742	2021-06-16	92.71715046198369	2021-07-12
1223	继峰股份	603997.XSHG	8.249524233253595	2021-06-30	91.16590850644668	2021-06-01
1224	立昂微	605358.XSHG	16.61014192882776	2021-02-03	100.0	2020-09-25
1225	拱东医疗	605369.XSHG	14.808458116311996	2020-12-28	89.42724799468107	2021-05-25
